-- phpMyAdmin SQL Dump
-- version 5.2.0
-- https://www.phpmyadmin.net/
--
-- Host: localhost:3306
-- Generation Time: Dec 30, 2025 at 05:47 PM
-- Server version: 8.0.30
-- PHP Version: 8.1.10

SET SQL_MODE = "NO_AUTO_VALUE_ON_ZERO";
START TRANSACTION;
SET time_zone = "+00:00";


/*!40101 SET @OLD_CHARACTER_SET_CLIENT=@@CHARACTER_SET_CLIENT */;
/*!40101 SET @OLD_CHARACTER_SET_RESULTS=@@CHARACTER_SET_RESULTS */;
/*!40101 SET @OLD_COLLATION_CONNECTION=@@COLLATION_CONNECTION */;
/*!40101 SET NAMES utf8mb4 */;

--
-- Database: `bugtrack_cba`
--

-- --------------------------------------------------------

--
-- Table structure for table `admin`
--

CREATE TABLE `admin` (
  `admin_id` int NOT NULL,
  `admin_nama` varchar(50) NOT NULL,
  `admin_username` varchar(50) NOT NULL,
  `admin_password` varchar(100) NOT NULL,
  `admin_level` enum('Admin','Teknisi','','') NOT NULL,
  `admin_foto` varchar(100) DEFAULT NULL
) ENGINE=InnoDB DEFAULT CHARSET=utf8mb4 COLLATE=utf8mb4_0900_ai_ci;

--
-- Dumping data for table `admin`
--

INSERT INTO `admin` (`admin_id`, `admin_nama`, `admin_username`, `admin_password`, `admin_level`, `admin_foto`) VALUES
(1, 'admin', 'admin', '21232f297a57a5a743894a0e4a801fc3', 'Admin', NULL),
(4, 'Teknisi', 'teknisi', 'e21394aaeee10f917f581054d24b031f', 'Teknisi', ''),
(6, 'Arifin', 'Arifin', '202cb962ac59075b964b07152d234b70', 'Teknisi', '519881351_user.png'),
(8, 'Eko ', 'Eko', '202cb962ac59075b964b07152d234b70', 'Teknisi', '');

-- --------------------------------------------------------

--
-- Table structure for table `pengaduan`
--

CREATE TABLE `pengaduan` (
  `pengaduan_id` int NOT NULL,
  `pengaduan_user` int NOT NULL,
  `pengaduan_nomor` varchar(100) NOT NULL,
  `pengaduan_tanggal` datetime NOT NULL,
  `pengaduan_judul` varchar(100) NOT NULL,
  `pengaduan_keterangan` longtext CHARACTER SET utf8mb4 COLLATE utf8mb4_0900_ai_ci NOT NULL,
  `pengaduan_urgency` enum('High','Medium','Low','') DEFAULT NULL,
  `pengaduan_email` varchar(50) DEFAULT NULL,
  `pengaduan_departemen` varchar(100) DEFAULT NULL,
  `pengaduan_gambar` varchar(100) DEFAULT NULL,
  `pengaduan_status` enum('Open','Pending','Progress','Close') NOT NULL,
  `pengaduan_keterangan_selesai` longtext CHARACTER SET utf8mb4 COLLATE utf8mb4_0900_ai_ci,
  `pengaduan_tanggal_penyelesaian` datetime DEFAULT NULL,
  `pengaduan_teknisi` int DEFAULT NULL
) ENGINE=InnoDB DEFAULT CHARSET=utf8mb4 COLLATE=utf8mb4_0900_ai_ci;

--
-- Dumping data for table `pengaduan`
--

INSERT INTO `pengaduan` (`pengaduan_id`, `pengaduan_user`, `pengaduan_nomor`, `pengaduan_tanggal`, `pengaduan_judul`, `pengaduan_keterangan`, `pengaduan_urgency`, `pengaduan_email`, `pengaduan_departemen`, `pengaduan_gambar`, `pengaduan_status`, `pengaduan_keterangan_selesai`, `pengaduan_tanggal_penyelesaian`, `pengaduan_teknisi`) VALUES
(3, 101, '202512303', '2025-12-25 18:54:28', 'TAMBAHKAN JAM', '<p>tolong tambahkan jam di atas inputan</p>', 'Medium', 'ADMINISTRASI', 'SIMRS', NULL, 'Close', 'Silahkan di cek ', '2025-12-31 00:23:12', 8),
(4, 101, '202512304', '2025-12-30 19:08:31', 'CONTOOH LINK', '<p><a href=\"https://drive.google.com/drive/folders/1-8D7Ilf0y_PNr982Lb5Cm7rGacWWjpbb?usp=sharing\" target=\"_blank\">https://drive.google.com/drive/folders/1-8D7Ilf0y_PNr982Lb5Cm7rGacWWjpbb?usp=sharing</a><br></p>', 'Medium', 'ADMINISTRASI', 'SIMRS', NULL, 'Open', NULL, NULL, NULL),
(5, 811, '202512305', '2025-12-30 20:11:04', 'TAMBAHKAN FITUR RAJAL', '<p>tolong tambahkan button print&nbsp;</p>', 'Medium', 'RAJAL-POLI UMUM', 'SIMRS', NULL, 'Close', 'Baik, sudah selesai, silahkan di cek', '2025-12-30 21:33:16', 6),
(6, 811, '202512306', '2025-12-30 21:37:38', 'assesment dokter tidak keluar', '<p>ketika masuk sebagai perawat data assesment dokternya tidak muncul, berada di modul 5.3.2</p>', 'Medium', 'RAJAL-POLI UMUM', 'SIMRS', NULL, 'Close', '-', '2025-12-30 21:41:52', 8);

-- --------------------------------------------------------

--
-- Table structure for table `pengaduan_chat`
--

CREATE TABLE `pengaduan_chat` (
  `pc_id` int NOT NULL,
  `pc_pengaduan` int NOT NULL,
  `pc_user` int NOT NULL,
  `pc_waktu` datetime DEFAULT NULL,
  `pc_isi` varchar(100) DEFAULT NULL,
  `pc_level` enum('User','Teknisi','','') NOT NULL
) ENGINE=InnoDB DEFAULT CHARSET=utf8mb4 COLLATE=utf8mb4_0900_ai_ci;

--
-- Dumping data for table `pengaduan_chat`
--

INSERT INTO `pengaduan_chat` (`pc_id`, `pc_pengaduan`, `pc_user`, `pc_waktu`, `pc_isi`, `pc_level`) VALUES
(4, 8, 6, '2025-12-20 02:07:55', 'baik, mohon di tunggu', 'Teknisi'),
(5, 9, 1, '2025-12-20 07:07:31', 'segera di perbaiki', 'User'),
(8, 12, 1, '2025-12-23 11:05:36', 'TOLONG PAK', 'User'),
(9, 17, 8, '2025-12-29 11:08:47', 'di tunggu yaaa', 'Teknisi'),
(10, 17, 1392, '2025-12-29 11:10:06', 'baik pak', 'User'),
(11, 19, 184, '2025-12-29 11:20:08', 'pak tolong dibantu ya...', 'User'),
(12, 20, 184, '2025-12-29 11:21:31', 'tolong bangettt ya pakk', 'User'),
(13, 20, 8, '2025-12-29 11:23:37', 'syappp bapak victor', 'Teknisi'),
(15, 4, 6, '2025-12-30 10:33:22', 'okeeeee.....', 'Teknisi'),
(17, 3, 101, '2025-12-30 18:56:12', 'tolong di buat ya pakk, ini sangat penting untuk saya', 'User');

-- --------------------------------------------------------

--
-- Table structure for table `user`
--

CREATE TABLE `user` (
  `user_id` varchar(20) NOT NULL,
  `user_nama` varchar(50) NOT NULL,
  `user_email` varchar(100) CHARACTER SET utf8mb4 COLLATE utf8mb4_0900_ai_ci DEFAULT NULL,
  `user_departemen` varchar(100) CHARACTER SET utf8mb4 COLLATE utf8mb4_0900_ai_ci DEFAULT NULL,
  `user_kontak` varchar(15) CHARACTER SET utf8mb4 COLLATE utf8mb4_0900_ai_ci DEFAULT NULL,
  `user_username` varchar(50) CHARACTER SET utf8mb4 COLLATE utf8mb4_0900_ai_ci DEFAULT NULL,
  `user_password` varchar(100) CHARACTER SET utf8mb4 COLLATE utf8mb4_0900_ai_ci DEFAULT NULL,
  `user_foto` varchar(100) DEFAULT NULL
) ENGINE=InnoDB DEFAULT CHARSET=utf8mb4 COLLATE=utf8mb4_0900_ai_ci;

--
-- Dumping data for table `user`
--

INSERT INTO `user` (`user_id`, `user_nama`, `user_email`, `user_departemen`, `user_kontak`, `user_username`, `user_password`, `user_foto`) VALUES
('002', 'JULIUS SATRIYOWIJOYO', NULL, NULL, NULL, 'JULIUS SATRIYOWIJOYO', 'ããããåêæáæâæãáå', NULL),
('0021', 'Retno Asih', '', 'LABORATORIUM', '', 'Retno', '202cb962ac59075b964b07152d234b70', NULL),
('003', 'Tulus W', NULL, NULL, NULL, 'Tulus W', 'åêæáæâæãæäãããããáæ', NULL),
('004', 'SPICA NAVIOLA MARSELINA', NULL, NULL, NULL, 'SPICA NAVIOLA MARSELINA', 'ããããåêæáæâæãáå', NULL),
('005', 'A. Anton Rudianto', NULL, NULL, NULL, 'A. Anton Rudianto', 'ããããåêæáæâæãáå', NULL),
('0059', 'BETHARIA ROULINA SIHOTANG ROUL', NULL, NULL, NULL, 'BETHARIA ROULINA SIHOTANG ROUL', 'ããããåêæáæâæãáå', NULL),
('006', 'Tina Farmitalia', NULL, NULL, NULL, 'Tina Farmitalia', 'ããããããåêæáæâæãæäæåáç', NULL),
('007', 'Julius Satriyowijoyo', NULL, NULL, NULL, 'Julius Satriyowijoyo', 'ääääääâáéâáâââáâââââéâââáç', NULL),
('008', 'YAKOBUS TULUS WURIONO', NULL, NULL, NULL, 'YAKOBUS TULUS WURIONO', 'ããããåêæáæâæãáå', NULL),
('009', 'Victorio Baskoro', NULL, NULL, NULL, 'Victorio Baskoro', 'ääääääâáéâáâââáâââââéâââáç', NULL),
('010', 'Ignatius Argo Darmoro', NULL, NULL, NULL, 'Ignatius Argo Darmoro', 'ããããããåêæáæâæãæäæåáç', NULL),
('0102', 'JULIUS SATRIYOWIJOYO', NULL, NULL, NULL, 'JULIUS SATRIYOWIJOYO', 'ããããåêæáæâæãáå', NULL),
('0108', 'RITA SUGIARTI', '', 'RANAP', '', 'RITA', '202cb962ac59075b964b07152d234b70', NULL),
('011', 'Lelyani Septi Diah M', NULL, NULL, NULL, 'Lelyani Septi Diah M', 'ããããåêæáæâæãáå', NULL),
('012', 'MICHAEL DAVID SEDA', NULL, NULL, NULL, 'MICHAEL DAVID SEDA', 'ããããåêæáæâæãáå', NULL),
('014', 'GUIDO ANDRIAN NOVANTIO', NULL, NULL, NULL, 'GUIDO ANDRIAN NOVANTIO', 'ããããåêæáæâæãáå', NULL),
('0156', 'ENDANG KADARSIH KADARSIH', NULL, NULL, NULL, 'ENDANG KADARSIH KADARSIH', 'ããããåêæáæâæãáå', NULL),
('0158', 'NUNGKY DWI PURWANTI', NULL, NULL, NULL, 'NUNGKY DWI PURWANTI', 'ããããåêæáæâæãáå', NULL),
('0200', 'ANITA RATNANINGSIH RATNANINGSI', NULL, NULL, NULL, 'ANITA RATNANINGSIH RATNANINGSI', 'ããããåêæáæâæãáå', NULL),
('0213', 'INDRIYANI, AMD.KEB', NULL, NULL, NULL, 'INDRIYANI, AMD.KEB', 'ããããåêæáæâæãáå', NULL),
('0229', 'PRISKA NI LUH KETUT, AMD.KEP N', NULL, NULL, NULL, 'PRISKA NI LUH KETUT, AMD.KEP N', 'ããããåêæáæâæãáå', NULL),
('023', 'Michael Heryanto', NULL, NULL, NULL, 'Michael Heryanto', 'ããåêæááã', NULL),
('024', 'Michael Heryanto', NULL, NULL, NULL, 'Michael Heryanto', 'åêæáæâãããáä', NULL),
('0254', 'IKA TRI SUSILOWATI TRI SUSILOW', NULL, NULL, NULL, 'IKA TRI SUSILOWATI TRI SUSILOW', 'ããããåêæáæâæãáå', NULL),
('0264', 'HELGA PANJAITAN, AMD.KEP PANJA', NULL, NULL, NULL, 'HELGA PANJAITAN, AMD.KEP PANJA', 'ããããåêæáæâæãáå', NULL),
('0266', 'SISCA DEWI YANTI DEWI YANTI', NULL, NULL, NULL, 'SISCA DEWI YANTI DEWI YANTI', 'ããããåêæáæâæãáå', NULL),
('0272', 'MOKSALINA LAMTIUR', NULL, NULL, NULL, 'MOKSALINA LAMTIUR', 'ããããåêæáæâæãáå', NULL),
('0281', 'NURMA ZULLEKHA PUSPITASARI, AM', NULL, NULL, NULL, 'NURMA ZULLEKHA PUSPITASARI, AM', 'ããããåêæáæâæãáå', NULL),
('0292', 'SEPTIANI LIDIA LIDIA', NULL, NULL, NULL, 'SEPTIANI LIDIA LIDIA', 'ããããåêæáæâæãáå', NULL),
('0339', 'BHENE DIKTA PRADA PRADA', NULL, NULL, NULL, 'BHENE DIKTA PRADA PRADA', 'ããããåêæáæâæãáå', NULL),
('0344', 'MEILANI EFRIDA EFRIDA', NULL, NULL, NULL, 'MEILANI EFRIDA EFRIDA', 'ããããåêæáæâæãáå', NULL),
('0372', 'CHYNTA WIDY FITRAHYUNI', NULL, NULL, NULL, 'CHYNTA WIDY FITRAHYUNI', 'ããããåêæáæâæãáå', NULL),
('0375', 'MARIA THERESIA EKA WIDIANINGSI', NULL, NULL, NULL, 'MARIA THERESIA EKA WIDIANINGSI', 'ããããåêæáæâæãáå', NULL),
('0457', 'HARTATI SIHOMBING', NULL, NULL, NULL, 'HARTATI SIHOMBING', 'ããããåêæáæâæãáå', NULL),
('0461', 'POSMARIA SITUMORANG, AM.KEB', NULL, NULL, NULL, 'POSMARIA SITUMORANG, AM.KEB', 'ããããåêæáæâæãáå', NULL),
('0464', 'LISTYARI YEKTI WAHYUNI, AMD.KE', NULL, NULL, NULL, 'LISTYARI YEKTI WAHYUNI, AMD.KE', 'ããããåêæáæâæãáå', NULL),
('0465', 'LYDIA FEBRI SIAGIAN, AMD.KEP', NULL, NULL, NULL, 'LYDIA FEBRI SIAGIAN, AMD.KEP', 'ããããåêæáæâæãáå', NULL),
('050', 'SANTI HERNAWATI', NULL, NULL, NULL, 'SANTI HERNAWATI', 'åêæáæâæãæäãããããáæ', NULL),
('051', 'REGINA SHINTA RATNAWATI', NULL, NULL, NULL, 'REGINA SHINTA RATNAWATI', 'ããããåêæáæâæãáå', NULL),
('052', 'FIRDAUS GINTING, AMD.KEP', NULL, NULL, NULL, 'FIRDAUS GINTING, AMD.KEP', 'ããããåêæáæâæãáå', NULL),
('0528', 'REBECCA SINURAT', NULL, NULL, NULL, 'REBECCA SINURAT', 'ããããåêæáæâæãáå', NULL),
('053', 'YOHANA FRANSISKA WIDYASTUTI', NULL, NULL, NULL, 'YOHANA FRANSISKA WIDYASTUTI', 'åêæáæâæãæäãããããáæ', NULL),
('0531', 'HARI PRAMONO', NULL, NULL, NULL, 'HARI PRAMONO', 'ããããåêæáæâæãáå', NULL),
('0546', 'IMACULATA DIYAN YUNIYANTI', NULL, NULL, NULL, 'IMACULATA DIYAN YUNIYANTI', 'ããããåêæáæâæãáå', NULL),
('0555', 'YANA KUSDIANA', NULL, NULL, NULL, 'YANA KUSDIANA', 'ããããåêæáæâæãáå', NULL),
('0559', 'LILIS SURYANI', NULL, NULL, NULL, 'LILIS SURYANI', 'ããããåêæáæâæãáå', NULL),
('0564', 'LUCIA LIA WIDYANINGSIH, AMD.KE', NULL, NULL, NULL, 'LUCIA LIA WIDYANINGSIH, AMD.KE', 'ãäääääããçæââèâááââåâáââãâæáåêáé', NULL),
('0604', 'PETRONELA METTY CHRISTANTIA ME', NULL, NULL, NULL, 'PETRONELA METTY CHRISTANTIA ME', 'ããããåêæáæâæãáå', NULL),
('0605', 'DR. DICKY SUGIHARTO, SP.B', NULL, NULL, NULL, 'DR. DICKY SUGIHARTO, SP.B', 'ããããåêæáæâæãáå', NULL),
('0624', 'SRI WINARSIH, AMD.KEP', NULL, NULL, NULL, 'SRI WINARSIH, AMD.KEP', 'ããããåêæáæâæãáå', NULL),
('0700', 'RENI ANJARWATI', NULL, NULL, NULL, 'RENI ANJARWATI', 'ããããåêæáæâæãáå', NULL),
('0733', 'DRG. DEVI HENDRA', NULL, NULL, NULL, 'DRG. DEVI HENDRA', 'ããããåêæáæâæãáå', NULL),
('0735', 'SINTA SAHARA, AMD.KEB', NULL, NULL, NULL, 'SINTA SAHARA, AMD.KEB', 'ããããåêæáæâæãáå', NULL),
('0751', 'PURNO PANYIDANG', NULL, NULL, NULL, 'PURNO PANYIDANG', 'ããããåêæáæâæãáå', NULL),
('0776', 'ANITA ANJAR KUSUMANINGRUM', NULL, NULL, NULL, 'ANITA ANJAR KUSUMANINGRUM', 'ããããåêæáæâæãáå', NULL),
('0783', 'LITA KURNIASIH', NULL, NULL, NULL, 'LITA KURNIASIH', 'ããããåêæáæâæãáå', NULL),
('0786', 'SRININGSIH CIPTORINI AMD.KEP', NULL, NULL, NULL, 'SRININGSIH CIPTORINI AMD.KEP', 'ããããããããæáæáåéææåêæèæèæááé', NULL),
('0794', 'MAHARANI DYAH KUSUMAWARDANI, A', NULL, NULL, NULL, 'MAHARANI DYAH KUSUMAWARDANI, A', 'ããããåêæáæâæãáå', NULL),
('0812', 'MARSELLINE ASIH PUSPITARINI', NULL, NULL, NULL, 'MARSELLINE ASIH PUSPITARINI', 'ããããåêæáæâæãáå', NULL),
('0824', 'RENY SIREGAR, AMD.KEP', NULL, NULL, NULL, 'RENY SIREGAR, AMD.KEP', 'ããããåêæáæâæãáå', NULL),
('0826', 'VERONIKA AYUNI', NULL, NULL, NULL, 'VERONIKA AYUNI', 'ããããåêæáæâæãáå', NULL),
('0847', 'DR. DEWI ASTRID LESTARI, SP.PD', NULL, NULL, NULL, 'DR. DEWI ASTRID LESTARI, SP.PD', 'ãäääããçéâáâââêâáæçæèçáç', NULL),
('0850', 'MEI SESILLIA GAJA', NULL, NULL, NULL, 'MEI SESILLIA GAJA', 'ããããåêæáæâæãáå', NULL),
('0858', 'ANIS YUNIANTO', NULL, NULL, NULL, 'ANIS YUNIANTO', 'ããããåêæáæâæãáå', NULL),
('0914', 'DR. MONIKA INDAH, SP.RAD ', NULL, NULL, NULL, 'DR. MONIKA INDAH, SP.RAD ', 'ããããåêæáæâæãáå', NULL),
('0915', 'DR. CHANDRA ROCHILI TAN', NULL, NULL, NULL, 'DR. CHANDRA ROCHILI TAN', 'ããããåêæáæâæãáå', NULL),
('0922', 'DR. FIANNA HERONIQUE NELWAN, SP.A', NULL, NULL, NULL, 'DR. FIANNA HERONIQUE NELWAN, SP.A', 'ããããåêæáæâæãáå', NULL),
('0923', 'DRG. CHRISTIAN HENRY TEDJA, MM,FICD', NULL, NULL, NULL, 'DRG. CHRISTIAN HENRY TEDJA, MM,FICD', 'ããããåêæáæâæãáå', NULL),
('0946', 'DR. ROSA ANGGRAENI DONGORAN M.', NULL, NULL, NULL, 'DR. ROSA ANGGRAENI DONGORAN M.', 'ããããåêæáæâæãáå', NULL),
('0955', 'DR. SARI OCTAVIA', NULL, NULL, NULL, 'DR. SARI OCTAVIA', 'ããããåêæáæâæãáå', NULL),
('0965', 'DR. ZUHERDI, SP. OG', NULL, NULL, NULL, 'DR. ZUHERDI, SP. OG', 'ããããåêæáæâæãáå', NULL),
('0967', 'DR. NELSON PANDELEKE, SP. PD', NULL, NULL, NULL, 'DR. NELSON PANDELEKE, SP. PD', 'ããããåêæáæâæãáå', NULL),
('0972', 'DR. SONDANG', NULL, NULL, NULL, 'DR. SONDANG', 'ããããåêæáæâæãáå', NULL),
('0980', 'DR. BASUNI RADI, SP. JP', NULL, NULL, NULL, 'DR. BASUNI RADI, SP. JP', 'ããããåêæáæâæãáå', NULL),
('0981', 'DR. ADRIA RUSLI, SP. P', NULL, NULL, NULL, 'DR. ADRIA RUSLI, SP. P', 'ããããåêæáæâæãáå', NULL),
('0982', 'DR. M. YUSUF SULAIMAN M, SP. M', NULL, NULL, NULL, 'DR. M. YUSUF SULAIMAN M, SP. M', 'ããããåêæáæâæãáå', NULL),
('0986', 'DR. INAWATI, SP. RM', NULL, NULL, NULL, 'DR. INAWATI, SP. RM', 'ããããåêæáæâæãáå', NULL),
('0989', 'DRG. CHRISTINE MAYA BUDIMAN, S', NULL, NULL, NULL, 'DRG. CHRISTINE MAYA BUDIMAN, S', 'ããããåêæáæâæãáå', NULL),
('0990', 'DR. Sira Sappa Palambang, Sp.Rad', NULL, NULL, NULL, 'DR. Sira Sappa Palambang, Sp.Rad', 'ããããåêæáæâæãáå', NULL),
('1001', 'Yohanes Tri Pramono', '', 'OFFICE', '', 'pram', '202cb962ac59075b964b07152d234b70', NULL),
('1002', 'FO MALAM', NULL, NULL, NULL, 'FO MALAM', NULL, NULL),
('1003', 'DR.VICO LIE BING HOAT, SP.KFR', NULL, NULL, NULL, 'DR.VICO LIE BING HOAT, SP.KFR', 'ããããåêæáæâæãáå', NULL),
('101', 'Wiwik Trimulatsih', '', 'KABAG.ADMINISTRASI', '', 'Wiwik', '202cb962ac59075b964b07152d234b70', NULL),
('102', 'Butet', NULL, NULL, NULL, 'Butet', 'ããããåêæáæâæãáå', NULL),
('1025', 'RIO ASDIANTORO', NULL, NULL, NULL, 'RIO ASDIANTORO', 'ããããåêæáæâæãáå', NULL),
('103', 'Maria Carollina Windihastanti', NULL, NULL, NULL, 'Maria Carollina Windihastanti', NULL, NULL),
('1030', 'ELWI SUKANINGSIH', NULL, NULL, NULL, 'ELWI SUKANINGSIH', 'ããããåêæáæâæãáå', NULL),
('1039', 'MARIA ROSARI DEVI KARTIKA RINI', NULL, NULL, NULL, 'MARIA ROSARI DEVI KARTIKA RINI', 'ããããåêæáæâæãáå', NULL),
('104', 'Kiki Lestari', NULL, NULL, NULL, 'Kiki Lestari', NULL, NULL),
('105', 'Tina', NULL, NULL, NULL, 'Tina', 'ããåêæááã', NULL),
('106', 'V. Heny Puspa Ratri', NULL, NULL, NULL, 'V. Heny Puspa Ratri', 'åêæáæâãããáä', NULL),
('1066', 'FRANSISCA ERSAVINNA P', NULL, NULL, NULL, 'FRANSISCA ERSAVINNA P', 'åêæáæâæãæäãããããáæ', NULL),
('107', 'Heni Puri Astria', NULL, NULL, NULL, 'Heni Puri Astria', NULL, NULL),
('1076', 'EKA RATNAWATI, AMD.KEP', NULL, NULL, NULL, 'EKA RATNAWATI, AMD.KEP', 'ããããåêæáæâæãáå', NULL),
('1079', 'DR. RIZZA NURCAHYA, SP. B', NULL, NULL, NULL, 'DR. RIZZA NURCAHYA, SP. B', 'ããããåêæáæâæãáå', NULL),
('108', 'Wilhelmina', NULL, NULL, NULL, 'Wilhelmina', NULL, NULL),
('109', 'Yuli', NULL, NULL, NULL, 'Yuli', 'ããããåêæáæâæãáå', NULL),
('1095', 'APRILIAN HANDAYANI PADI NG', NULL, NULL, NULL, 'APRILIAN HANDAYANI PADI NG', 'ããããåêæáæâæãáå', NULL),
('1097', 'MARIA MARGARETH SINTAULI', NULL, NULL, NULL, 'MARIA MARGARETH SINTAULI', 'ããããåêæáæâæãáå', NULL),
('1098', 'ROIYAN ORDITYA MANUHUTU', NULL, NULL, NULL, 'ROIYAN ORDITYA MANUHUTU', 'ããããåêæáæâæãáå', NULL),
('110', 'DWI RISTHA NOVARIANI', NULL, NULL, NULL, 'DWI RISTHA NOVARIANI', 'åêæáæâãããáä', NULL),
('1102', 'NIA NOVIANTI SUNARYO', NULL, NULL, NULL, 'NIA NOVIANTI SUNARYO', 'ããããåêæáæâæãáå', NULL),
('1108', 'RETI DWIKA PUTRI, AMD.KEP', NULL, NULL, NULL, 'RETI DWIKA PUTRI, AMD.KEP', 'ããããããåéåêåéæææèåéáç', NULL),
('111', 'Paulina Poerwati', NULL, NULL, NULL, 'Paulina Poerwati', 'åêæáæâãããáä', NULL),
('1112', 'DR. SEVINA TRIANI S', NULL, NULL, NULL, 'DR. SEVINA TRIANI S', 'ããããåêæáæâæãáå', NULL),
('1115', 'NOVITA NUR INDAH SARI', NULL, NULL, NULL, 'NOVITA NUR INDAH SARI', 'ããããåêæáæâæãáå', NULL),
('112', 'Atanasia Kiki', NULL, NULL, NULL, 'Atanasia Kiki', 'ââæââèâáéâáæââæäääääáæ', NULL),
('1120', 'DRG. YOSHEPINE CAROLINE', NULL, NULL, NULL, 'DRG. YOSHEPINE CAROLINE', 'ããããåêæáæâæãáå', NULL),
('1121', 'RIA DAMAYANTI PUTRI', NULL, NULL, NULL, 'RIA DAMAYANTI PUTRI', 'ããããåêæáæâæãáå', NULL),
('1129', 'CHATARINA DWI PASKARINI', NULL, NULL, NULL, 'CHATARINA DWI PASKARINI', 'ããããåêæáæâæãáå', NULL),
('113', 'Angela Maria Titin', NULL, NULL, NULL, 'Angela Maria Titin', 'åêæáæâãããáä', NULL),
('114', 'Moniqa', NULL, NULL, NULL, 'Moniqa', NULL, NULL),
('1144', 'DR. ARYANTI EFFENDI', NULL, NULL, NULL, 'DR. ARYANTI EFFENDI', 'ããããåêæáæâæãáå', NULL),
('1148', 'YENI IMELDA', NULL, NULL, NULL, 'YENI IMELDA', 'ããããåêæáæâæãáå', NULL),
('115', 'Lusia Nunik', NULL, NULL, NULL, 'Lusia Nunik', 'åêæáæâæãæäãããããáæ', NULL),
('1158', 'SESILIA HADU HURINT', NULL, NULL, NULL, 'SESILIA HADU HURINT', 'ããããåêæáæâæãáå', NULL),
('116', 'Yustinus Marwan', NULL, NULL, NULL, 'Yustinus Marwan', 'ããããåêæáæâæãáå', NULL),
('117', 'Detalia', NULL, NULL, NULL, 'Detalia', NULL, NULL),
('1176', 'KRISTINA SITORUS', NULL, NULL, NULL, 'KRISTINA SITORUS', 'ããããåêæáæâæãáå', NULL),
('1177', 'YOHANA ULI PUTRI', NULL, NULL, NULL, 'YOHANA ULI PUTRI', 'ããããåêæáæâæãáå', NULL),
('118', 'Theresia Novita Handayani', NULL, NULL, NULL, 'Theresia Novita Handayani', NULL, NULL),
('1186', 'FRANSISKA RETNO WULANDARI', NULL, NULL, NULL, 'FRANSISKA RETNO WULANDARI', 'ããããåêæáæâæãáå', NULL),
('119', 'Agnes Mulya Supersemarti Cenon', NULL, NULL, NULL, 'Agnes Mulya Supersemarti Cenon', 'ããããåêæáæâæãáå', NULL),
('1196', 'FERIANI TUTI RISKA', NULL, NULL, NULL, 'FERIANI TUTI RISKA', 'åêæáæâæãæäãããããáæ', NULL),
('120', 'Roswani E.', NULL, NULL, NULL, 'Roswani E.', NULL, NULL),
('1209', 'ENI SUSIANA', NULL, NULL, NULL, 'ENI SUSIANA', 'ããããåêæáæâæãáå', NULL),
('121', 'Diyan Untari', NULL, NULL, NULL, 'Diyan Untari', NULL, NULL),
('1212', 'DR. SHINTA J.B. TOBAN RAMBU,SP', NULL, NULL, NULL, 'DR. SHINTA J.B. TOBAN RAMBU,SP', 'ããããåêæáæâæãáå', NULL),
('122', 'K. Chandra Sitoresmi', NULL, NULL, NULL, 'K. Chandra Sitoresmi', NULL, NULL),
('1226', 'ADVENTINA NATALIA ELPE', NULL, NULL, NULL, 'ADVENTINA NATALIA ELPE', 'ããããåêæáæâæãáå', NULL),
('1229', 'DR. DEVINA NUGROHO, SP. N', NULL, NULL, NULL, 'DR. DEVINA NUGROHO, SP. N', 'ããããæãæâæáåêáå', NULL),
('123', 'H. Divo Gracianto', NULL, NULL, NULL, 'H. Divo Gracianto', NULL, NULL),
('1231', 'DR. FABRIEN HEIN WILLEM, SP. O', NULL, NULL, NULL, 'DR. FABRIEN HEIN WILLEM, SP. O', 'ããããåêæáæâæãáå', NULL),
('124', 'Yustina Y.', NULL, NULL, NULL, 'Yustina Y.', 'åêæáæâãããáä', NULL),
('1240', 'BERNADETA BERLIANA SURYANINGTY', NULL, NULL, NULL, 'BERNADETA BERLIANA SURYANINGTY', 'ããããåêæáæâæãáå', NULL),
('1249', 'DRG. HANNY ARYANI, MM., SP. KG', NULL, NULL, NULL, 'DRG. HANNY ARYANI, MM., SP. KG', 'ããããåêæáæâæãáå', NULL),
('125', 'Lucyana Pudji H.', NULL, NULL, NULL, 'Lucyana Pudji H.', NULL, NULL),
('1250', 'DR. DENNY ACHMAD PRAYOGA, SP.U', NULL, NULL, NULL, 'DR. DENNY ACHMAD PRAYOGA, SP.U', 'ããããåêæáæâæãáå', NULL),
('126', 'Florida', NULL, NULL, NULL, 'Florida', NULL, NULL),
('1264', 'DR. M. BUDI CAECARIAN LUBIS, M', NULL, NULL, NULL, 'DR. M. BUDI CAECARIAN LUBIS, M', 'ããããåêæáæâæãáå', NULL),
('127', 'Ni Made Dwi S. P.', NULL, NULL, NULL, 'Ni Made Dwi S. P.', 'ããããåêæáæâæãáå', NULL),
('1278', 'DR. MICHAEL HOREB, SP. OT', NULL, NULL, NULL, 'DR. MICHAEL HOREB, SP. OT', 'ããããåêæáæâæãáå', NULL),
('1279', 'DR. ROSARI GAMMA MANGGALATUNG ', NULL, NULL, NULL, 'DR. ROSARI GAMMA MANGGALATUNG ', 'ããããåêæáæâæãáå', NULL),
('128', 'Murti Winarsih', NULL, NULL, NULL, 'Murti Winarsih', 'åêæáæâãããáä', NULL),
('129', 'Emmelia Indiyati', NULL, NULL, NULL, 'Emmelia Indiyati', NULL, NULL),
('1291', 'LAURENSIA DOM NINA WEA', NULL, NULL, NULL, 'LAURENSIA DOM NINA WEA', 'ããããåêæáæâæãáå', NULL),
('130', 'Reskha Yuliana', NULL, NULL, NULL, 'Reskha Yuliana', NULL, NULL),
('1300', 'WINDA YUSANTI', NULL, NULL, NULL, 'WINDA YUSANTI', 'ããããåêæáæâæãáå', NULL),
('1301', 'DR. VINCENTIUS NOVIAN ROMILIO', NULL, NULL, NULL, 'DR. VINCENTIUS NOVIAN ROMILIO', 'ããããåêæáæâæãáå', NULL),
('1309', 'ANGELINA WIDYA SANTOSO', NULL, NULL, NULL, 'ANGELINA WIDYA SANTOSO', 'ããããåêæáæâæãáå', NULL),
('131', 'Stephanie', NULL, NULL, NULL, 'Stephanie', NULL, NULL),
('1313', 'DEWI PAREMBUN', NULL, NULL, NULL, 'DEWI PAREMBUN', 'ããããåêæáæâæãáå', NULL),
('1314', 'SUCI ANGGUN PRATIWI', NULL, NULL, NULL, 'SUCI ANGGUN PRATIWI', 'ããããåêæáæâæãáå', NULL),
('1315', 'NADIANOVITA FITRIYANTI', NULL, NULL, NULL, 'NADIANOVITA FITRIYANTI', 'ããããåêæáæâæãáå', NULL),
('1316', 'TRIYA AGETA SEVIANI', NULL, NULL, NULL, 'TRIYA AGETA SEVIANI', 'ããããåêæáæâæãáå', NULL),
('1319', 'DR. RIKO RADITYATAMA SUSILO, S', NULL, NULL, NULL, 'DR. RIKO RADITYATAMA SUSILO, S', 'ããããåêæáæâæãáå', NULL),
('1322', 'KESHIA LOUREN', NULL, NULL, NULL, 'KESHIA LOUREN', 'ããããåêæáæâæãáå', NULL),
('1329', 'DR. CAESARIYO SUWARDI, SP. AN', NULL, NULL, NULL, 'DR. CAESARIYO SUWARDI, SP. AN', 'ããããåêæáæâæãáå', NULL),
('133', 'Titi Anggriani', '', 'CASEMIX', '', 'Titi Anggriani', '202cb962ac59075b964b07152d234b70', NULL),
('1331', 'ASWIN SIDI FEBRIYANTI', NULL, NULL, NULL, 'ASWIN SIDI FEBRIYANTI', 'ããããåêæáæâæãáå', NULL),
('1339', 'OLIVIA VIVIANA NAIBAHO', NULL, NULL, NULL, 'OLIVIA VIVIANA NAIBAHO', 'ããããåêæáæâæãáå', NULL),
('134', 'Veronica Nuke Endrayati', NULL, NULL, NULL, 'Veronica Nuke Endrayati', NULL, NULL),
('1342', 'ARYANI OCTAVIA FLORESA OLA INA', NULL, NULL, NULL, 'ARYANI OCTAVIA FLORESA OLA INA', 'ããããåêæáæâæãáå', NULL),
('1349', 'INDRIANI KUSUMA WARDANI', NULL, NULL, NULL, 'INDRIANI KUSUMA WARDANI', 'ããããåêæáæâæãáå', NULL),
('135', 'V.M.G. Dhitya Dyah Pramesty', NULL, NULL, NULL, 'V.M.G. Dhitya Dyah Pramesty', NULL, NULL),
('1350', 'PASKA WIRA TIGAPE SIHOTANG, A.', NULL, NULL, NULL, 'PASKA WIRA TIGAPE SIHOTANG, A.', 'ããããåêæáæâæãáå', NULL),
('1356', 'DR. AGA DESTRAGA ARISTYAPUTRA,', NULL, NULL, NULL, 'DR. AGA DESTRAGA ARISTYAPUTRA,', 'ããããåêæáæâæãáå', NULL),
('1359', 'AGNES AULIA DINATA', NULL, NULL, NULL, 'AGNES AULIA DINATA', 'ããããåêæáæâæãáå', NULL),
('136', 'Eunike Novianti', NULL, NULL, NULL, 'Eunike Novianti', 'ããããåêæáæâæãáå', NULL),
('1361', 'SITI PRIHATIN', NULL, NULL, NULL, 'SITI PRIHATIN', 'ããããåêæáæâæãáå', NULL),
('1364', 'DR ELISA HADIWIJAYA', NULL, NULL, NULL, 'DR ELISA HADIWIJAYA', 'ããããåêæáæâæãáå', NULL),
('1369', 'DR ANINDITA KARTIKA WIRAPUTRI', NULL, NULL, NULL, 'DR ANINDITA KARTIKA WIRAPUTRI', 'ããããåêæáæâæãáå', NULL),
('137', 'Christiana Lestari', NULL, NULL, NULL, 'Christiana Lestari', NULL, NULL),
('1370', 'DR EZRA REINHARD', NULL, NULL, NULL, 'DR EZRA REINHARD', 'ããããåêæáæâæãáå', NULL),
('1371', 'NI LUH SRI SUKASIH', NULL, NULL, NULL, 'NI LUH SRI SUKASIH', 'ããããåêæáæâæãáå', NULL),
('1372', 'MARESA CHEPY', NULL, NULL, NULL, 'MARESA CHEPY', 'ããããåêæáæâæãáå', NULL),
('1374', 'USYEF SAEFUL SONJAYA', NULL, NULL, NULL, 'USYEF SAEFUL SONJAYA', 'ããããåêæáæâæãáå', NULL),
('1375', 'DEDE RIDWAN SEPTIANA', NULL, NULL, NULL, 'DEDE RIDWAN SEPTIANA', 'ããããåêæáæâæãáå', NULL),
('1376', 'HARLAN FADHILLAH', NULL, NULL, NULL, 'HARLAN FADHILLAH', 'ããããåêæáæâæãáå', NULL),
('1378', 'DR. PATRIOTIKA ISMAIL,SP.PD', NULL, NULL, NULL, 'DR. PATRIOTIKA ISMAIL,SP.PD', 'ããããåêæáæâæãáå', NULL),
('1379', 'CHARLINA WELAN', NULL, NULL, NULL, 'CHARLINA WELAN', 'ããããåêæáæâæãáå', NULL),
('138', 'Margaret Ladiyanto', NULL, NULL, NULL, 'Margaret Ladiyanto', NULL, NULL),
('1380', 'LAURENTIUS DENIS SATRIA', NULL, NULL, NULL, 'LAURENTIUS DENIS SATRIA', 'ããããåêæáæâæãáå', NULL),
('1381', 'NOVA INCARNA MELI', NULL, NULL, NULL, 'NOVA INCARNA MELI', 'ããããããåêæãåéæáæèææáç', NULL),
('1382', 'YULI LISTIYAWATI', NULL, NULL, NULL, 'YULI LISTIYAWATI', 'ããããåêæáæâæãáå', NULL),
('1383', 'BAGUS TIMUR WICAKSONO', NULL, NULL, NULL, 'BAGUS TIMUR WICAKSONO', 'ããããåêæáæâæãáå', NULL),
('1384', 'BRIGGITA ARISCA PUTRI DARYANI', NULL, NULL, NULL, 'BRIGGITA ARISCA PUTRI DARYANI', 'ããããåêæáæâæãáå', NULL),
('139', 'Dominicus Dimas', NULL, NULL, NULL, 'Dominicus Dimas', NULL, NULL),
('1391', 'HARLAN PUTRA WIBOWO', NULL, NULL, NULL, 'HARLAN PUTRA WIBOWO', 'ããããåêæáæâæãáå', NULL),
('1392', 'IGNASIUS DIAN SIGIT SULISTYO N', '', 'OFFICE', '', 'ignasius', '202cb962ac59075b964b07152d234b70', NULL),
('1393', 'YOSVINA M PUTRI', NULL, NULL, NULL, 'YOSVINA M PUTRI', 'ããããåêæáæâæãáå', NULL),
('1394', 'YANUARI VIRA PALUPI', NULL, NULL, NULL, 'YANUARI VIRA PALUPI', 'ããããåêæáæâæãáå', NULL),
('1395', 'DINA SEPTIANA', NULL, NULL, NULL, 'DINA SEPTIANA', 'ããããåêæáæâæãáå', NULL),
('1396', 'AGUNG MARCHELLY SIHOTANG', NULL, NULL, NULL, 'AGUNG MARCHELLY SIHOTANG', 'ããããåêæáæâæãáå', NULL),
('140', 'Milka Tanuwijaya', NULL, NULL, NULL, 'Milka Tanuwijaya', 'ããããåêæáæâæãáå', NULL),
('1400', 'BERNADETA OKTAVIALIANA', NULL, NULL, NULL, 'BERNADETA OKTAVIALIANA', 'ããããåêæáæâæãáå', NULL),
('1401', 'SENI PARTIWI ZEBUA', NULL, NULL, NULL, 'SENI PARTIWI ZEBUA', 'ããããåêæáæâæãáå', NULL),
('1402', 'DR. ERIC HERMANSYAH,SP.P', NULL, NULL, NULL, 'DR. ERIC HERMANSYAH,SP.P', 'ããããåêæáæâæãáå', NULL),
('1403', 'ANNA MARIA PURBA', NULL, NULL, NULL, 'ANNA MARIA PURBA', 'ããããåêæáæâæãáå', NULL),
('1404', 'BELINDA DIAN IRINITA', NULL, NULL, NULL, 'BELINDA DIAN IRINITA', 'åêæáæâãããáä', NULL),
('1406', 'DOMINICUS DIMAS', NULL, NULL, NULL, 'DOMINICUS DIMAS', 'ããããåêæáæâæãáå', NULL),
('141', 'Fransisca Nur Widyastuti', NULL, NULL, NULL, 'Fransisca Nur Widyastuti', NULL, NULL),
('1411', 'FRIDOLIN WEA', NULL, NULL, NULL, 'FRIDOLIN WEA', 'ããããåêæáæâæãáå', NULL),
('1412', 'BETYCE SINGHINA', NULL, NULL, NULL, 'BETYCE SINGHINA', 'ããããåêæáæâæãáå', NULL),
('1415', 'NATALIA NALIANTI', NULL, NULL, NULL, 'NATALIA NALIANTI', 'ããããåêæáæâæãáå', NULL),
('1416', 'SARTIKA ROSARI HUTAPEA', NULL, NULL, NULL, 'SARTIKA ROSARI HUTAPEA', 'ããããåêæáæâæãáå', NULL),
('1417', 'RAHMAWATI VITA KURNIASARI', NULL, NULL, NULL, 'RAHMAWATI VITA KURNIASARI', 'ããããåêæáæâæãáå', NULL),
('1418', 'IGNATIUS BAGUS BAYU PRAKOSA', NULL, NULL, NULL, 'IGNATIUS BAGUS BAYU PRAKOSA', 'ããããåêæáæâæãáå', NULL),
('1419', 'DESSY MALYA MANUHUTU', NULL, NULL, NULL, 'DESSY MALYA MANUHUTU', 'ããããåêæáæâæãáå', NULL),
('142', 'Anggun Desiyana', NULL, NULL, NULL, 'Anggun Desiyana', 'ããããåêæáæâæãáå', NULL),
('1420', 'THEOPHILIA TUTUPARY', NULL, NULL, NULL, 'THEOPHILIA TUTUPARY', 'ããããåêæáæâæãáå', NULL),
('1425', 'KINTANA MAULITA', NULL, NULL, NULL, 'KINTANA MAULITA', 'ããããåêæáæâæãáå', NULL),
('1426', 'JENNIE MONICA AUBERTHA KAYAME', NULL, NULL, NULL, 'JENNIE MONICA AUBERTHA KAYAME', 'ããããåêæáæâæãáå', NULL),
('1427', 'ADRIAN CHRISTHIE', NULL, NULL, NULL, 'ADRIAN CHRISTHIE', 'ããããåêæáæâæãáå', NULL),
('1428', 'SR. M. MELANITA, OSF', NULL, NULL, NULL, 'SR. M. MELANITA, OSF', 'ããããåêæáæâæãáå', NULL),
('143', 'Fransisca Rina Handayani', NULL, NULL, NULL, 'Fransisca Rina Handayani', 'åêæáæâãããáä', NULL),
('1430', 'SR. M. VENANTINE, OSF', NULL, NULL, NULL, 'SR. M. VENANTINE, OSF', 'ããããåêæáæâæãáå', NULL),
('1431', 'ADITIA MAULANA', NULL, NULL, NULL, 'ADITIA MAULANA', 'ããããåêæáæâæãáå', NULL),
('1432', 'RIO CANDRA', NULL, NULL, NULL, 'RIO CANDRA', 'ããããåêæáæâæãáå', NULL),
('1433', 'SULASTRI SIMANJUNTAK', NULL, NULL, NULL, 'SULASTRI SIMANJUNTAK', 'ããããåêæáæâæãáå', NULL),
('1434', 'DR. AULIA FURQAN SUFARNAP', NULL, NULL, NULL, 'DR. AULIA FURQAN SUFARNAP', 'ããããåêæáæâæãáå', NULL),
('1437', 'WISNU OPI SETIADI', NULL, NULL, NULL, 'WISNU OPI SETIADI', 'ããããåêæáæâæãáå', NULL),
('1456', 'RIAMA NOVITA RUMAPEA', NULL, NULL, NULL, 'RIAMA NOVITA RUMAPEA', 'ããããåêæáæâæãáå', NULL),
('1460', 'CRISTINA DYAH PURWANDANI', NULL, NULL, NULL, 'CRISTINA DYAH PURWANDANI', 'ããããåêæáæâæãáå', NULL),
('1461', 'DRG. DESAK GEDE DIAH ASITA KEN', NULL, NULL, NULL, 'DRG. DESAK GEDE DIAH ASITA KEN', 'ããããåêæáæâæãáå', NULL),
('1462', 'DR. ELISABETH ENE JAWAN', NULL, NULL, NULL, 'DR. ELISABETH ENE JAWAN', 'ããããåêæáæâæãáå', NULL),
('1463', 'AGNES DIAH AYU WIDIASTUTI', NULL, NULL, NULL, 'AGNES DIAH AYU WIDIASTUTI', 'ããããåêæáæâæãáå', NULL),
('1467', 'SISILIA OKTAVIANI TOKO', NULL, NULL, NULL, 'SISILIA OKTAVIANI TOKO', 'ããããåêæáæâæãáå', NULL),
('1468', 'ETA', NULL, NULL, NULL, 'ETA', 'ããããåêæáæâæãáå', NULL),
('1471', 'DR. DIANA LILIM, SP. PD', NULL, NULL, NULL, 'DR. DIANA LILIM, SP. PD', 'ããããåêæáæâæãáå', NULL),
('1473', 'ALEXANDER MICHAEL DANIEL', NULL, NULL, NULL, 'ALEXANDER MICHAEL DANIEL', 'ããããåêæáæâæãáå', NULL),
('1477', 'APRI DENIUS MUTI', NULL, NULL, NULL, 'APRI DENIUS MUTI', 'ããããåêæáæâæãáå', NULL),
('1478', 'ANIS FAISAL WAHIB', NULL, NULL, NULL, 'ANIS FAISAL WAHIB', 'ããããåêæáæâæãáå', NULL),
('1481', 'JUNIARTA SIBUEA', NULL, NULL, NULL, 'JUNIARTA SIBUEA', 'ããããåêæáæâæãáå', NULL),
('1483', 'ANGELA IVO AAI SIALLAGAN', NULL, NULL, NULL, 'ANGELA IVO AAI SIALLAGAN', 'ããããåêæáæâæãáå', NULL),
('1486', 'APRIYANA AYU TRI VENI', NULL, NULL, NULL, 'APRIYANA AYU TRI VENI', 'ããããåêæáæâæãáå', NULL),
('1487', 'FRANSISKA ROSARI DWIANDITA LIA', NULL, NULL, NULL, 'FRANSISKA ROSARI DWIANDITA LIA', 'ããããåêæáæâæãáå', NULL),
('1488', 'MONIQUE INDAH TRI ANA SANTI', NULL, NULL, NULL, 'MONIQUE INDAH TRI ANA SANTI', 'ããããåêæáæâæãáå', NULL),
('1489', 'ANASTASIA NOVERINA SURYOPUTRI', NULL, NULL, NULL, 'ANASTASIA NOVERINA SURYOPUTRI', 'ããããåêæáæâæãáå', NULL),
('1490', 'VIVIE ERINA PRACILIA SIDABUTAR', NULL, NULL, NULL, 'VIVIE ERINA PRACILIA SIDABUTAR', 'ããããåêæáæâæãáå', NULL),
('1491', 'DIRGA MARIA ITALILPESSY', NULL, NULL, NULL, 'DIRGA MARIA ITALILPESSY', 'ããããåêæáæâæãáå', NULL),
('1492', 'DR ELISABETH SUKMA PUSPITADEWI', NULL, NULL, NULL, 'DR ELISABETH SUKMA PUSPITADEWI', 'ããããåêæáæâæãáå', NULL),
('1494', 'THEODORA SITOHANG', NULL, NULL, NULL, 'THEODORA SITOHANG', 'ããããåêæáæâæãáå', NULL),
('1495', 'LUSYANA PALOLON', NULL, NULL, NULL, 'LUSYANA PALOLON', 'ããããåêæáæâæãáå', NULL),
('1496', 'BLASIUS MANEK', NULL, NULL, NULL, 'BLASIUS MANEK', 'ããããåêæáæâæãáå', NULL),
('1497', 'ELISABETH UNU', NULL, NULL, NULL, 'ELISABETH UNU', 'ããããåêæáæâæãáå', NULL),
('1498', 'RACHEL NADYA MAHARANI', NULL, NULL, NULL, 'RACHEL NADYA MAHARANI', 'ããããåêæáæâæãáå', NULL),
('1499', 'DR MERRY ANNE NATALIA, MARS', NULL, NULL, NULL, 'DR MERRY ANNE NATALIA, MARS', 'ããããåêæáæâæãáå', NULL),
('1500', 'DR. AJENG PUSPITORINI, SP. PK.', NULL, NULL, NULL, 'DR. AJENG PUSPITORINI, SP. PK.', 'ããããåêæáæâæãáå', NULL),
('1502', 'DR. NOVITA, SP.DV', NULL, NULL, NULL, 'DR. NOVITA, SP.DV', 'ããããåêæáæâæãáå', NULL),
('1503', 'DR. CHRISTI ERVINA HARTANTO, S', NULL, NULL, NULL, 'DR. CHRISTI ERVINA HARTANTO, S', 'ããããåêæáæâæãáå', NULL),
('1505', 'AKMAL NASIR', NULL, NULL, NULL, 'AKMAL NASIR', 'ããããåêæáæâæãáå', NULL),
('1506', 'CANDRA RAFI FADHILAH', NULL, NULL, NULL, 'CANDRA RAFI FADHILAH', 'ããããåêæáæâæãáå', NULL),
('1508', 'DR. THOMAS HARRY ADOE, SP. A (', NULL, NULL, NULL, 'DR. THOMAS HARRY ADOE, SP. A (', 'ããããåêæáæâæãáå', NULL),
('151', 'Indang', NULL, NULL, NULL, 'Indang', 'ããããåêæáæâæãáå', NULL),
('1510', 'HASANATUL PUTRI WIBOWO', NULL, NULL, NULL, 'HASANATUL PUTRI WIBOWO', 'ããããåêæáæâæãáå', NULL),
('1511', 'NURAINI', NULL, NULL, NULL, 'NURAINI', 'ããããåêæáæâæãáå', NULL),
('1512', 'ALDI SEPTIAWAN', NULL, NULL, NULL, 'ALDI SEPTIAWAN', 'ããããåêæáæâæãáå', NULL),
('1513', 'DIAN HARDIANINGSIH', NULL, NULL, NULL, 'DIAN HARDIANINGSIH', 'ããããåêæáæâæãáå', NULL),
('152', 'Ina Oetriwahyu', NULL, NULL, NULL, 'Ina Oetriwahyu', 'ããããåêæáæâæãáå', NULL),
('1520', 'DR. FEBBY', NULL, NULL, NULL, 'DR. FEBBY', 'ããããåêæáæâæãáå', NULL),
('1521', 'AGATA KRISMA KARITAS', NULL, NULL, NULL, 'AGATA KRISMA KARITAS', 'ããããåêæáæâæãáå', NULL),
('1523', 'PRICILLA MARCELIN SURI', NULL, NULL, NULL, 'PRICILLA MARCELIN SURI', 'ããããåêæáæâæãáå', NULL),
('1525', 'MELDA ROSARI AMBARITA', NULL, NULL, NULL, 'MELDA ROSARI AMBARITA', 'ããããæáæáæäææáå', NULL),
('1526', 'SR. M. CLARA, OSF', NULL, NULL, NULL, 'SR. M. CLARA, OSF', 'åêæáæâãããáä', NULL),
('1527', 'EVA MERISTA', NULL, NULL, NULL, 'EVA MERISTA', 'ããããåêæáæâæãáå', NULL),
('1528', 'NURCAHYO HADI SAPUTRO', NULL, NULL, NULL, 'NURCAHYO HADI SAPUTRO', 'ããããåêæáæâæãáå', NULL),
('153', 'Istianingsih', NULL, NULL, NULL, 'Istianingsih', 'æèæçæææåæäæãæâæáåêãããããããããáê', NULL),
('1530', 'ROBERTUS ENANG RAHARJANTO', NULL, NULL, NULL, 'ROBERTUS ENANG RAHARJANTO', 'ããããåêæáæâæãáå', NULL),
('1531', 'LISNAMAWATI MANULANG', NULL, NULL, NULL, 'LISNAMAWATI MANULANG', 'ããããåêæáæâæãáå', NULL),
('1532', 'RENATA EFRESIA SETIAWATI', NULL, NULL, NULL, 'RENATA EFRESIA SETIAWATI', 'ããããåêæáæâæãáå', NULL),
('1534', 'DR. DWI EDI WAHONO, SP. PD., K', NULL, NULL, NULL, 'DR. DWI EDI WAHONO, SP. PD., K', 'ããããåêæáæâæãáå', NULL),
('1536', 'CHRISTY AD PUTRI', NULL, NULL, NULL, 'CHRISTY AD PUTRI', 'ããããåêæáæâæãáå', NULL),
('1537', 'SITI PURWANTI', NULL, NULL, NULL, 'SITI PURWANTI', 'ããããåêæáæâæãáå', NULL),
('1538', 'VEBRONIA MOENSAKU', NULL, NULL, NULL, 'VEBRONIA MOENSAKU', 'ããããåêæáæâæãáå', NULL),
('154', 'Paulus Gunawan Barianto', NULL, NULL, NULL, 'Paulus Gunawan Barianto', NULL, NULL),
('1542', 'DR. DRG. WILMA MATHEUS, SP. KG', NULL, NULL, NULL, 'DR. DRG. WILMA MATHEUS, SP. KG', 'ããããåêæáæâæãáå', NULL),
('1543', 'FAUSTINA KARLINA WULA', NULL, NULL, NULL, 'FAUSTINA KARLINA WULA', 'ããããåêæáæâæãáå', NULL),
('1544', 'DR. HESKETH HANS', NULL, NULL, NULL, 'DR. HESKETH HANS', 'ããããåêæáæâæãáå', NULL),
('1545', 'DR. YONATHAN HASUDUNGAN', NULL, NULL, NULL, 'DR. YONATHAN HASUDUNGAN', 'ããããåêæáæâæãáå', NULL),
('1546', 'DR. ISRIZAL', NULL, NULL, NULL, 'DR. ISRIZAL', 'ããããåêæáæâæãáå', NULL),
('1547', 'ADELIA AISYAH', NULL, NULL, NULL, 'ADELIA AISYAH', 'ããããåêæáæâæãáå', NULL),
('1548', 'AGNES FIORELA YOLANDAKRISTI', NULL, NULL, NULL, 'AGNES FIORELA YOLANDAKRISTI', 'ããããåêæáæâæãáå', NULL),
('1549', 'PANDU RUSTANTO', NULL, NULL, NULL, 'PANDU RUSTANTO', 'ããããåêæáæâæãáå', NULL),
('155', 'Helena Teresia', NULL, NULL, NULL, 'Helena Teresia', NULL, NULL),
('1550', 'ADE SANT ARDANA', NULL, NULL, NULL, 'ADE SANT ARDANA', 'ããããåêæáæâæãáå', NULL),
('1552', 'MARIA ELISABETH SURAT NAREK', NULL, NULL, NULL, 'MARIA ELISABETH SURAT NAREK', 'ããããåêæáæâæãáå', NULL),
('1553', 'NATALIA YUDITA SRININGSIH', '', 'KEUANGAN', '', 'Dita', '202cb962ac59075b964b07152d234b70', NULL),
('156', 'Metty', NULL, NULL, NULL, 'Metty', 'åêæáæâãããáä', NULL),
('1566', 'GUMIARTI', NULL, NULL, NULL, 'GUMIARTI', 'ããããåêæáæâæãáå', NULL),
('1569', 'DR. RIA YUNITA RIZALY, M. SC.,', NULL, NULL, NULL, 'DR. RIA YUNITA RIZALY, M. SC.,', 'ããããåêæáæâæãáå', NULL),
('157', 'Veronica Hariyani Devi Suparno', NULL, NULL, NULL, 'Veronica Hariyani Devi Suparno', 'åêæáæâãããáä', NULL),
('1570', 'DR. STELING', NULL, NULL, NULL, 'DR. STELING', 'ããããåêæáæâæãáå', NULL),
('1573', 'SIMPLESIUS INOCIA ROSARI SILA', NULL, NULL, NULL, 'SIMPLESIUS INOCIA ROSARI SILA', 'ããããåêæáæâæãáå', NULL),
('1574', 'FRANSISKA PATINAMA', NULL, NULL, NULL, 'FRANSISKA PATINAMA', 'ããããåêæáæâæãáå', NULL),
('1575', 'MARIA AGATHA SAPUTRI', NULL, NULL, NULL, 'MARIA AGATHA SAPUTRI', 'ããããåêæáæâæãáå', NULL),
('1576', 'DEVI NATALIA', NULL, NULL, NULL, 'DEVI NATALIA', 'ããããåêæáæâæãáå', NULL),
('1577', 'ISABELLA KUSUMAWARDANI', NULL, NULL, NULL, 'ISABELLA KUSUMAWARDANI', 'ããããåêæáæâæãáå', NULL),
('1578', 'AGNES CECILIA SAGALA', NULL, NULL, NULL, 'AGNES CECILIA SAGALA', 'ããããåêæáæâæãáå', NULL),
('159', 'ARYANI RATNASARI', NULL, NULL, NULL, 'ARYANI RATNASARI', 'åêæáæâæãæäãããããáæ', NULL),
('1596', 'dr. VINCENTIUS ADRIAN MADARGERONG, Sp.P', NULL, NULL, NULL, 'dr. VINCENTIUS ADRIAN MADARGERONG, Sp.P', 'ããããåêæáæâæãáå', NULL),
('1597', 'DR. MUHAMMAD MIRWAN SP.B', NULL, NULL, NULL, 'DR. MUHAMMAD MIRWAN SP.B', 'ããããåêæáæâæãáå', NULL),
('1598', 'BUDI SULISTIYOWATI, A. MD. KEP', NULL, NULL, NULL, 'BUDI SULISTIYOWATI, A. MD. KEP', 'ããããåêæáæâæãáå', NULL),
('160', 'CLAUDIA YUNI LYSTIA', NULL, NULL, NULL, 'CLAUDIA YUNI LYSTIA', NULL, NULL),
('1601', 'NUR MUHAMMAD ICHSAN', NULL, NULL, NULL, 'NUR MUHAMMAD ICHSAN', 'ããããåêæáæâæãáå', NULL),
('1603', 'STEFANUS DAVID WASONO', NULL, NULL, NULL, 'STEFANUS DAVID WASONO', 'ããããåêæáæâæãáå', NULL),
('1606', 'DR ATAR TRENGGINAS ASMARANTAKA', NULL, NULL, NULL, 'DR ATAR TRENGGINAS ASMARANTAKA', 'ããããåêæáæâæãáå', NULL),
('1607', 'PARAMITA SIHOTANG', NULL, NULL, NULL, 'PARAMITA SIHOTANG', 'ããããåêæáæâæãáå', NULL),
('161', 'LIDYA MAYRANI NURJAYANTHI DETH', NULL, NULL, NULL, 'LIDYA MAYRANI NURJAYANTHI DETH', 'ããããåêæáæâæãáå', NULL),
('1612', 'CATHARINA IKA WIDIASTUTI', NULL, NULL, NULL, 'CATHARINA IKA WIDIASTUTI', 'ããããåêæáæâæãáå', NULL),
('1615', 'DR. JULIANA SIHOMBING', NULL, NULL, NULL, 'DR. JULIANA SIHOMBING', 'ããããåêæáæâæãáå', NULL),
('1616', 'MICHAEL BRAMANTYA MAHESWARA KU', NULL, NULL, NULL, 'MICHAEL BRAMANTYA MAHESWARA KU', 'ããããåêæáæâæãáå', NULL),
('1618', 'MARIA ANGELICA PUSPITA OSHA MO', NULL, NULL, NULL, 'MARIA ANGELICA PUSPITA OSHA MO', 'ããããåêæáæâæãáå', NULL),
('1619', 'DESI NISTIANI', NULL, NULL, NULL, 'DESI NISTIANI', 'ããããåêæáæâæãáå', NULL),
('162', 'ANIK SAVITRI', NULL, NULL, NULL, 'ANIK SAVITRI', 'ããããåêæáæâæãáå', NULL),
('1620', 'RENITA RENALDI TAMPUBOLON', NULL, NULL, NULL, 'RENITA RENALDI TAMPUBOLON', 'ããããåêæáæâæãáå', NULL),
('1622', 'DR. CLEINE MICHAELA,SP.P', NULL, NULL, NULL, 'DR. CLEINE MICHAELA,SP.P', 'ããããåêæáæâæãáå', NULL),
('1626', 'RIZKI MAULANA RAMADHAN', NULL, NULL, NULL, 'RIZKI MAULANA RAMADHAN', 'ããããåêæáæâæãáå', NULL),
('163', 'GEORGIUS WINANTO GAUTAMA', NULL, NULL, NULL, 'GEORGIUS WINANTO GAUTAMA', 'ããããåêæáæâæãáå', NULL),
('164', 'RUCI ADI PUTERA', NULL, NULL, NULL, 'RUCI ADI PUTERA', 'ããããåêæáæâæãáå', NULL),
('166', 'ANASTASIA RARA PISCA DEWI', NULL, NULL, NULL, 'ANASTASIA RARA PISCA DEWI', 'ããããåêæáæâæãáå', NULL),
('167', 'RHESYA MARINA SOEKOER', NULL, NULL, NULL, 'RHESYA MARINA SOEKOER', 'ããããåêæáæâæãáå', NULL),
('168', 'SULIS SETIANI', NULL, NULL, NULL, 'SULIS SETIANI', 'åêæáæâãããáä', NULL),
('169', 'MONIKA UTAMI FAUTNGILJANAN', NULL, NULL, NULL, 'MONIKA UTAMI FAUTNGILJANAN', 'ããããåêæáæâæãáå', NULL),
('170', 'CICILIA HELEN', NULL, NULL, NULL, 'CICILIA HELEN', 'ããããåêæáæâæãáå', NULL),
('171', 'FLORENTINA SEPTIANI INTAN P.', NULL, NULL, NULL, 'FLORENTINA SEPTIANI INTAN P.', 'ããããåêæáæâæãáå', NULL),
('172', 'KUMALASARI ALDISA TJAHJONO', NULL, NULL, NULL, 'KUMALASARI ALDISA TJAHJONO', 'ããããåêåêåêåêáå', NULL),
('173', 'YANTI KANARIA PARDEDE', NULL, NULL, NULL, 'YANTI KANARIA PARDEDE', 'ããããåêæáæâæãáå', NULL),
('174', 'MARIA MAGDALENA HARTUTI', NULL, NULL, NULL, 'MARIA MAGDALENA HARTUTI', 'ããããåêæáæâæãáå', NULL),
('175', 'IGNASIA SUNDARI SITUMORANG', NULL, NULL, NULL, 'IGNASIA SUNDARI SITUMORANG', 'åêæáæâæãæäãããããáæ', NULL),
('176', 'HELLEN JESSICA LATUPEIRISSA', NULL, NULL, NULL, 'HELLEN JESSICA LATUPEIRISSA', 'åêæáæâæãæäãããããáæ', NULL),
('177', 'FALENTINA TABAH WIJAYANTI', NULL, NULL, NULL, 'FALENTINA TABAH WIJAYANTI', 'ããããåêæáæâæãáå', NULL),
('178', 'FRANSISCA ERSAVINNA P', NULL, NULL, NULL, 'FRANSISCA ERSAVINNA P', 'åêåêåêãããáä', NULL),
('179', 'FRANSISCA VITA KRISTANTI', NULL, NULL, NULL, 'FRANSISCA VITA KRISTANTI', 'åêæáæâæãæäãããããáæ', NULL),
('180', 'KARUNIAWATI', NULL, NULL, NULL, 'KARUNIAWATI', 'åêæáæâæãæäãããããáæ', NULL),
('181', 'NILA AYU PRASTIKA SARI', NULL, NULL, NULL, 'NILA AYU PRASTIKA SARI', 'ããããåêæáæâæãáå', NULL),
('182', 'IMELDA', NULL, NULL, NULL, 'IMELDA', 'åêæáæâãããáä', NULL),
('183', 'MONICA HEROLINA', NULL, NULL, NULL, 'MONICA HEROLINA', 'åêæáæâãããáä', NULL),
('184', 'VICTOR RIKIN', '', 'CASEMIX', '', 'VICTOR', '202cb962ac59075b964b07152d234b70', NULL),
('185', 'M. AGUS HARI YADI', NULL, NULL, NULL, 'M. AGUS HARI YADI', 'ããããåêæáæâæãáå', NULL),
('186', 'ELISABETH ANGELIA SUCITYASWATI', NULL, NULL, NULL, 'ELISABETH ANGELIA SUCITYASWATI', 'åêæáæâãããáä', NULL),
('187', 'MARIA GRASELA TETANI DECLAUDIA', NULL, NULL, NULL, 'MARIA GRASELA TETANI DECLAUDIA', 'ããããåêæáæâæãáå', NULL),
('188', 'ANDRI DYAH PRAMESWARI', NULL, NULL, NULL, 'ANDRI DYAH PRAMESWARI', 'åêæáæâãããáä', NULL),
('189', 'ATALIA PRAMESWARI ARIANI', NULL, NULL, NULL, 'ATALIA PRAMESWARI ARIANI', 'ããããåêæáæâæãáå', NULL),
('190', 'VIRGINIA HARIANJA', NULL, NULL, NULL, 'VIRGINIA HARIANJA', 'ããããåêæáæâæãáå', NULL),
('191', 'YOHANNES HERMANTO LUBIS', NULL, NULL, NULL, 'YOHANNES HERMANTO LUBIS', 'ããããåêæáæâæãáå', NULL),
('192', 'NOVA HERLYNA', NULL, NULL, NULL, 'NOVA HERLYNA', 'ããããåêæáæâæãáå', NULL),
('193', 'FIRDA MAUDY SALSABILA', NULL, NULL, NULL, 'FIRDA MAUDY SALSABILA', 'ããããåêæáæâæãáå', NULL),
('200', 'Sr. Materna', NULL, NULL, NULL, 'Sr. Materna', 'åêæáæâãããáä', NULL),
('2002', 'Wiwik Trimulatsih', NULL, NULL, NULL, 'Wiwik Trimulatsih', NULL, NULL),
('201', 'Anna Widayanti', NULL, NULL, NULL, 'Anna Widayanti', NULL, NULL),
('202', 'Sinta Palebangan', NULL, NULL, NULL, 'Sinta Palebangan', 'ããããåêæáæâæãáå', NULL),
('204', 'FEBRIANA PURYATNINGRUM', NULL, NULL, NULL, 'FEBRIANA PURYATNINGRUM', 'ããåêæááã', NULL),
('205', 'ELISABETH FERA NARULITA', NULL, NULL, NULL, 'ELISABETH FERA NARULITA', 'åêæáæâãããáä', NULL),
('206', 'ANATALIA PARTISCA', NULL, NULL, NULL, 'ANATALIA PARTISCA', 'ããããåêæáæâæãáå', NULL),
('251', 'PANCA PRIATMAJA PUTRO BP', NULL, NULL, NULL, 'PANCA PRIATMAJA PUTRO BP', 'ããããåêæáæâæãáå', NULL),
('252', 'WAHYU RIZAL TUAHTA', NULL, NULL, NULL, 'WAHYU RIZAL TUAHTA', 'ããããããåêæáæâæãæäæâáç', NULL),
('300', 'Endang Setyowati', NULL, NULL, NULL, 'Endang Setyowati', 'ããããåêæáæâæãáå', NULL),
('301', 'Robertus Andika', NULL, NULL, NULL, 'Robertus Andika', NULL, NULL),
('302', 'Siswanto Budi Utomo', NULL, NULL, NULL, 'Siswanto Budi Utomo', NULL, NULL),
('303', 'Margaretha Feri Daniati', NULL, NULL, NULL, 'Margaretha Feri Daniati', NULL, NULL),
('304', 'IGNATIUS GUSTUT NUGROHO ', NULL, NULL, NULL, 'IGNATIUS GUSTUT NUGROHO ', NULL, NULL),
('305', 'Theodora Wulan', NULL, NULL, NULL, 'Theodora Wulan', NULL, NULL),
('306', 'EPIPHANA ESTY YULIARTI', NULL, NULL, NULL, 'EPIPHANA ESTY YULIARTI', 'ããããåêæáæâæãáå', NULL),
('307', 'EMANUEL MOTON', NULL, NULL, NULL, 'EMANUEL MOTON', 'ããããåêæáæâæãáå', NULL),
('308', 'Septiani Lidia', NULL, NULL, NULL, 'Septiani Lidia', NULL, NULL),
('310', 'EUPHRASIA BERTHA MURWASTANTRI', NULL, NULL, NULL, 'EUPHRASIA BERTHA MURWASTANTRI', 'ããããåêæáæâæãáå', NULL),
('311', 'WITI ANDRIYANI', NULL, NULL, NULL, 'WITI ANDRIYANI', 'ããããåêæáæâæãáå', NULL),
('312', 'HERLINA MARTINA', NULL, NULL, NULL, 'HERLINA MARTINA', 'ããããåêæáæâæãáå', NULL),
('313', 'TUTI HARIANTI WARUWU', NULL, NULL, NULL, 'TUTI HARIANTI WARUWU', 'ããããåêæáæâæãáå', NULL),
('314', 'ANTONIUS ERICSON RENJAAN', NULL, NULL, NULL, 'ANTONIUS ERICSON RENJAAN', 'ããããåêæáæâæãáå', NULL),
('315', 'MARIA AGAFITA', NULL, NULL, NULL, 'MARIA AGAFITA', 'ããããåêæáæâæãáå', NULL),
('316', 'MARIA DWIKA PUSPITA', NULL, NULL, NULL, 'MARIA DWIKA PUSPITA', 'ããããåêæáæâæãáå', NULL),
('317', 'WAHYU DJOJO WIDODO', NULL, NULL, NULL, 'WAHYU DJOJO WIDODO', 'ããããåêæáæâæãáå', NULL),
('318', 'RYU NIPONG', NULL, NULL, NULL, 'RYU NIPONG', 'ããããåêæáæâæãáå', NULL),
('319', 'NOVEMBRI S. TOMALUWENG', NULL, NULL, NULL, 'NOVEMBRI S. TOMALUWENG', 'ããããåêæáæâæãáå', NULL),
('320', 'KENNARDI HUGO', NULL, NULL, NULL, 'KENNARDI HUGO', 'ããããåêæáæâæãáå', NULL),
('321', 'NATA NAEL PARULIAN SIHALOHO', NULL, NULL, NULL, 'NATA NAEL PARULIAN SIHALOHO', 'åêæáæâãããáä', NULL),
('322', 'TOMI', NULL, NULL, NULL, 'TOMI', 'ããããåêæáæâæãáå', NULL),
('323', 'AMURWANI DYAN PRATIWI', NULL, NULL, NULL, 'AMURWANI DYAN PRATIWI', 'ããããåêæáæâæãáå', NULL),
('350', 'YUHANA SEHWILARTI', NULL, NULL, NULL, 'YUHANA SEHWILARTI', 'ããããåêæáæâæãáå', NULL),
('351', 'DANIEL RUSMONO', NULL, NULL, NULL, 'DANIEL RUSMONO', 'ããããåêæáæâæãáå', NULL),
('352', 'MOHAMMAD IMRON', NULL, NULL, NULL, 'MOHAMMAD IMRON', 'ããããåêæáæâæãáå', NULL),
('353', 'OCTAVIANUS MUNDI PRABOWO', NULL, NULL, NULL, 'OCTAVIANUS MUNDI PRABOWO', 'ããããåêæáæâæãáå', NULL),
('354', 'IGNATIUS YULI ABADI', NULL, NULL, NULL, 'IGNATIUS YULI ABADI', 'ããããåêæáæâæãáå', NULL),
('355', 'AGUNG SETIAWAN', NULL, NULL, NULL, 'AGUNG SETIAWAN', 'ããããåêæáæâæãáå', NULL),
('356', 'GORDON NABABAN', NULL, NULL, NULL, 'GORDON NABABAN', 'ããããåêæáæâæãáå', NULL),
('357', 'ANDREAS CRISTIANTO', NULL, NULL, NULL, 'ANDREAS CRISTIANTO', 'ããããåêæáæâæãáå', NULL),
('358', 'SUSMORO', NULL, NULL, NULL, 'SUSMORO', 'ããããåêæáæâæãáå', NULL),
('359', 'AGUSTINUS SETYO ATMOJO, AMD.KE', NULL, NULL, NULL, 'AGUSTINUS SETYO ATMOJO, AMD.KE', 'åêæáæâãããáä', NULL),
('360', 'DEWI WAHYU ANISA', NULL, NULL, NULL, 'DEWI WAHYU ANISA', 'êêêèêéââèââçãããääáæ', NULL),
('361', 'ANDRI SUTRISNO', NULL, NULL, NULL, 'ANDRI SUTRISNO', 'ããããåêæáæâæãáå', NULL),
('362', 'PURWADI', NULL, NULL, NULL, 'PURWADI', 'ããããåêæáæâæãáå', NULL),
('363', 'MARIA RETNO MULYANINGSIH', NULL, NULL, NULL, 'MARIA RETNO MULYANINGSIH', 'ããããåêæáæâæãáå', NULL),
('400', 'Maria Arsanti Marganingsih', NULL, NULL, NULL, 'Maria Arsanti Marganingsih', NULL, NULL),
('401', 'Stefanni', NULL, NULL, NULL, 'Stefanni', NULL, NULL),
('402', 'Melyana Ludria  Moerland', NULL, NULL, NULL, 'Melyana Ludria  Moerland', 'ããããããåêæáæâæãæäæåáç', NULL),
('4040', 'Rommy Hermawan', NULL, NULL, NULL, 'Rommy Hermawan', 'ããããããåêæáæâæãæäæåáç', NULL),
('405', 'Catharina Maria Widihastuti', NULL, NULL, NULL, 'Catharina Maria Widihastuti', 'ããããããåêæáæâæãæäæåáç', NULL),
('406', 'Yohanes Noviano Fredy', NULL, NULL, NULL, 'Yohanes Noviano Fredy', NULL, NULL),
('407', 'Veronica Vindi Rastuti', NULL, NULL, NULL, 'Veronica Vindi Rastuti', NULL, NULL),
('408', 'Fransiska Desti Oktarina', NULL, NULL, NULL, 'Fransiska Desti Oktarina', 'ããããããåêæáæâæãæäæåáç', NULL),
('409', 'Mono Turwono', NULL, NULL, NULL, 'Mono Turwono', 'ããããããåêæáæâæãæäæåáç', NULL),
('410', 'GIDION AGUNG PRABOWO', NULL, NULL, NULL, 'GIDION AGUNG PRABOWO', 'ããããããåêæáæâæãæäæåáç', NULL),
('411', 'CHRISTINE SHERLLY ROSYA', NULL, NULL, NULL, 'CHRISTINE SHERLLY ROSYA', 'ããããããåêæáæâæãæäæåáç', NULL),
('412', 'DENISHA GISKA ARIESTA', NULL, NULL, NULL, 'DENISHA GISKA ARIESTA', 'ããããããåêæáæâæãæäæåáç', NULL),
('413', 'FRIDA REZKI NUGRAHENI', NULL, NULL, NULL, 'FRIDA REZKI NUGRAHENI', 'ããããããåêæáæâæãæäæåáç', NULL),
('414', 'AGNES OLGA DEA ORTEGATANIA', NULL, NULL, NULL, 'AGNES OLGA DEA ORTEGATANIA', 'ããåêæááã', NULL),
('415', 'MONICA RENY BUDIANA PUTRI', NULL, NULL, NULL, 'MONICA RENY BUDIANA PUTRI', 'ããããåêæáæâæãáå', NULL),
('416', 'MICHAEL DWI FERDIYANTO', NULL, NULL, NULL, 'MICHAEL DWI FERDIYANTO', 'ããããããåêæáæâæãæäæåáç', NULL),
('417', 'DEWI HASTUTI', NULL, NULL, NULL, 'DEWI HASTUTI', 'ããããããåêæáæâæãæäæåáç', NULL),
('418', 'BERNADUS FERNANDO ANDRI', NULL, NULL, NULL, 'BERNADUS FERNANDO ANDRI', 'åêæáæâæãæäãããããáæ', NULL),
('419', 'IFTITAKHUR ROHMAH AMALIA', NULL, NULL, NULL, 'IFTITAKHUR ROHMAH AMALIA', 'ããããåêæáæâæãáå', NULL),
('420', 'ROTUA RISWANTI SIMARMATA', NULL, NULL, NULL, 'ROTUA RISWANTI SIMARMATA', 'åêæáæâæãæäãããããáæ', NULL),
('421', 'IRA NOVRANDA', NULL, NULL, NULL, 'IRA NOVRANDA', 'åêæáæâæãæäãããããáæ', NULL),
('422', 'MARIA GETRUDIS GHEME', NULL, NULL, NULL, 'MARIA GETRUDIS GHEME', 'ããããåêæáæâæãáå', NULL),
('423', 'MUHAMAD DZAKI NURHIDAYAT', NULL, NULL, NULL, 'MUHAMAD DZAKI NURHIDAYAT', 'ããããåêæáæâæãáå', NULL),
('424', 'VIA NADA ROLANTIKA', NULL, NULL, NULL, 'VIA NADA ROLANTIKA', 'ããããåêæáæâæãáå', NULL),
('425', 'VICTORIA IRINES WIDYASTUTI', NULL, NULL, NULL, 'VICTORIA IRINES WIDYASTUTI', 'ããããåêæáæâæãáå', NULL),
('426', 'STEPHANIE CANDRA RIANDIKA', NULL, NULL, NULL, 'STEPHANIE CANDRA RIANDIKA', 'ããããåêæáæâæãáå', NULL),
('427', 'ESTA NASRANI', NULL, NULL, NULL, 'ESTA NASRANI', 'ããããåêæáæâæãáå', NULL),
('428', 'LEDY FAULANTY', NULL, NULL, NULL, 'LEDY FAULANTY', 'ããããåêæáæâæãáå', NULL),
('450', 'YUSTINA WIDANINGSIH, AMG', NULL, NULL, NULL, 'YUSTINA WIDANINGSIH, AMG', 'ããããåêæáæâæãáå', NULL),
('500', 'Theresia Sugiyarti', NULL, NULL, NULL, 'Theresia Sugiyarti', 'åêæáæâãããáä', NULL),
('501', 'L. Sri Rahayu', NULL, NULL, NULL, 'L. Sri Rahayu', NULL, NULL),
('502', 'Herini Yuni Ati', NULL, NULL, NULL, 'Herini Yuni Ati', NULL, NULL),
('503', 'V. Ikowati Dewi P', NULL, NULL, NULL, 'V. Ikowati Dewi P', 'ããããåêæáæâæãáå', NULL),
('504', 'Kristina Dian Pradani', NULL, NULL, NULL, 'Kristina Dian Pradani', NULL, NULL),
('505', 'Lina Juwita', NULL, NULL, NULL, 'Lina Juwita', 'ããããåêæáæâæãáå', NULL),
('506', 'Yuwita Hertika Siahaan', NULL, NULL, NULL, 'Yuwita Hertika Siahaan', NULL, NULL),
('507', 'MARIA INDAH ROSARI', NULL, NULL, NULL, 'MARIA INDAH ROSARI', 'ããããåêæáæâæãáå', NULL),
('508', 'Arya Dani Dharmayanto', NULL, NULL, NULL, 'Arya Dani Dharmayanto', NULL, NULL),
('509', 'Yuliani', NULL, NULL, NULL, 'Yuliani', NULL, NULL),
('510', 'MARIA MAGDALENA PULO', NULL, NULL, NULL, 'MARIA MAGDALENA PULO', 'èèçæéãèäçæãããããáæ', NULL),
('511', 'VICTORIA HERLINDA SEU', NULL, NULL, NULL, 'VICTORIA HERLINDA SEU', 'ããããåêæáæâæãáå', NULL),
('512', 'Gilang Ramadhan', NULL, NULL, NULL, 'Gilang Ramadhan', NULL, NULL),
('513', 'Chatarina Wintari', NULL, NULL, NULL, 'Chatarina Wintari', NULL, NULL),
('514', 'Theresia Herni Margi', NULL, NULL, NULL, 'Theresia Herni Margi', NULL, NULL),
('517', 'Hani Elfrida Sirait', NULL, NULL, NULL, 'Hani Elfrida Sirait', NULL, NULL),
('518', 'M. Carola, Sr, OSF', NULL, NULL, NULL, 'M. Carola, Sr, OSF', NULL, NULL),
('519', 'Fitri Yunita Esani Sirait', NULL, NULL, NULL, 'Fitri Yunita Esani Sirait', 'ããããåêæáæâæãáå', NULL),
('520', 'LUSIA IKA SEPTIANI', NULL, NULL, NULL, 'LUSIA IKA SEPTIANI', 'åêæáæâæãæäæåæææçæèãããããããããáê', NULL),
('521', 'Fransisca Dewi Eka Wijayanti', NULL, NULL, NULL, 'Fransisca Dewi Eka Wijayanti', NULL, NULL),
('522', 'Christin Dwi Astuti', NULL, NULL, NULL, 'Christin Dwi Astuti', 'ããããåêæáæâæãáå', NULL),
('523', 'Hesti Almaeni', NULL, NULL, NULL, 'Hesti Almaeni', NULL, NULL),
('524', 'Indah Novita Sari', NULL, NULL, NULL, 'Indah Novita Sari', 'ããåêæááã', NULL),
('525', 'Lenny Marlina', NULL, NULL, NULL, 'Lenny Marlina', NULL, NULL),
('526', 'AGUSTINUS DIDIK ARI ISWANTO', NULL, NULL, NULL, 'AGUSTINUS DIDIK ARI ISWANTO', 'ããããåêæáæâæãáå', NULL),
('527', 'Dominikus Sugiyono', NULL, NULL, NULL, 'Dominikus Sugiyono', NULL, NULL),
('528', 'Rotua Tampubolon', NULL, NULL, NULL, 'Rotua Tampubolon', 'åêæáæâãããáä', NULL),
('530', 'Theresia Ayu Prameswari', NULL, NULL, NULL, 'Theresia Ayu Prameswari', NULL, NULL),
('531', 'VICKI SINAGA', NULL, NULL, NULL, 'VICKI SINAGA', 'åêæáæâæãæäãããããáæ', NULL),
('532', 'Elisabeth Mariana Djawa', NULL, NULL, NULL, 'Elisabeth Mariana Djawa', 'åêæáæâãããáä', NULL),
('533', 'Novita Eliana', NULL, NULL, NULL, 'Novita Eliana', NULL, NULL),
('534', 'DIDIK', NULL, NULL, NULL, 'DIDIK', NULL, NULL),
('535', 'NOVE LINIAR VICTORIA', NULL, NULL, NULL, 'NOVE LINIAR VICTORIA', 'åêæáæâãããáä', NULL),
('536', 'DETA NINDIASARI', NULL, NULL, NULL, 'DETA NINDIASARI', 'ããåêæááã', NULL),
('537', 'ASTRI WIJAYANTI', NULL, NULL, NULL, 'ASTRI WIJAYANTI', NULL, NULL),
('538', 'PIPID KUSMIYARSIH', NULL, NULL, NULL, 'PIPID KUSMIYARSIH', 'ããããåêæáæâæãáå', NULL),
('539', 'LESRIA SARAGIH', NULL, NULL, NULL, 'LESRIA SARAGIH', NULL, NULL),
('540', 'VALENTIA', NULL, NULL, NULL, 'VALENTIA', NULL, NULL),
('541', 'CHRISTINA AYU WIDIANTO', NULL, NULL, NULL, 'CHRISTINA AYU WIDIANTO', NULL, NULL),
('542', 'VALENTINA NOVITA RESTUWATI', NULL, NULL, NULL, 'VALENTINA NOVITA RESTUWATI', 'åêæáæâæãæäãããããáæ', NULL),
('543', 'MARGARETA LILIS LISTYANI', NULL, NULL, NULL, 'MARGARETA LILIS LISTYANI', 'ããããåêæáæâæãáå', NULL),
('544', 'NUR INDAH WULANDARI', NULL, NULL, NULL, 'NUR INDAH WULANDARI', 'ããããåêæáæâæãáå', NULL),
('545', 'PARAMITA SIHOTANG', NULL, NULL, NULL, 'PARAMITA SIHOTANG', 'ããããåêæáæâæãáå', NULL),
('546', 'PARAMITA SIHOTANG', NULL, NULL, NULL, 'PARAMITA SIHOTANG', 'ããããåêæáæâæãáå', NULL),
('547', 'SARAH DEBORAH ROSITA MANULLANG', NULL, NULL, NULL, 'SARAH DEBORAH ROSITA MANULLANG', 'ããããåêæáæâæãáå', NULL),
('548', 'SUSI DEWI SUSANTY', NULL, NULL, NULL, 'SUSI DEWI SUSANTY', 'ããããåêæáæâæãáå', NULL),
('549', 'CICILIA LINTANG KUSUMAWARDANI', NULL, NULL, NULL, 'CICILIA LINTANG KUSUMAWARDANI', 'ããããåêæáæâæãáå', NULL),
('550', 'SR. M. ROSANNE, OSF', NULL, NULL, NULL, 'SR. M. ROSANNE, OSF', 'ããããåêæáæâæãáå', NULL),
('551', 'MONICA RINA YULIANTI', NULL, NULL, NULL, 'MONICA RINA YULIANTI', 'ããããåêæáæâæãáå', NULL),
('552', 'ANASTASYA PRISCILLA MEGA PUTRI', NULL, NULL, NULL, 'ANASTASYA PRISCILLA MEGA PUTRI', 'ääääãäääââãââåâáæââáêêâáâââæââæáé', NULL),
('5530', 'VENESSYA CIKITA MITAKDA', NULL, NULL, NULL, 'VENESSYA CIKITA MITAKDA', 'ããããåêæáæâæãáå', NULL),
('554', 'MARIA MAGDALENA PULO', NULL, NULL, NULL, 'MARIA MAGDALENA PULO', 'èèçæéãèäçæãããããáæ', NULL),
('555', 'MARIA ROSARI DEVI KARTIKA RINI', NULL, NULL, NULL, 'MARIA ROSARI DEVI KARTIKA RINI', 'æäæäæäãããáä', NULL),
('556', 'MARCELLINA AVISTYA WINDHAN KUM', NULL, NULL, NULL, 'MARCELLINA AVISTYA WINDHAN KUM', 'æâæáåêãããáä', NULL),
('557', 'RUMONDANG', NULL, NULL, NULL, 'RUMONDANG', 'ããããæáæååéæçáå', NULL),
('558', 'RURY HANGGAR TYAS UTAMI', NULL, NULL, NULL, 'RURY HANGGAR TYAS UTAMI', 'ããããããæáæâåéæææèæãáç', NULL),
('559', 'RUT REBEKA', NULL, NULL, NULL, 'RUT REBEKA', 'åêæáæâãããáä', NULL),
('560', 'VERONIKA LAUREN CHRISTIANI', NULL, NULL, NULL, 'VERONIKA LAUREN CHRISTIANI', 'ããããåêæáæâæãáå', NULL),
('561', 'DIAN FIRDASARI', NULL, NULL, NULL, 'DIAN FIRDASARI', 'ããããåêæáæâæãáå', NULL),
('562', 'SELPIANA KOMBA', NULL, NULL, NULL, 'SELPIANA KOMBA', 'ããããåêæáæâæãáå', NULL),
('563', 'AYU CITRA MADONNA', NULL, NULL, NULL, 'AYU CITRA MADONNA', 'åêæáæâãããáä', NULL),
('564', 'HENNY AFRIANI', NULL, NULL, NULL, 'HENNY AFRIANI', 'ããããåêæáæâæãáå', NULL),
('565', 'DWI NOVITASARI', NULL, NULL, NULL, 'DWI NOVITASARI', 'ããããåêæáæâæãáå', NULL),
('566', 'ANICETA REGINA PENI', NULL, NULL, NULL, 'ANICETA REGINA PENI', 'ããããåêæáæâæãáå', NULL),
('567', 'MARSYA LIRISTA', NULL, NULL, NULL, 'MARSYA LIRISTA', 'ããããåêæáæâæãáå', NULL),
('568', 'PAULISTA PADI', NULL, NULL, NULL, 'PAULISTA PADI', 'ããããåêæáæâæãáå', NULL),
('569', 'MARSELINA RADU PALA', NULL, NULL, NULL, 'MARSELINA RADU PALA', 'ããããåêæáæâæãáå', NULL),
('570', 'TERESIA SRI HARTATI', NULL, NULL, NULL, 'TERESIA SRI HARTATI', 'ããããåêæáæâæãáå', NULL),
('571', 'PUTRI IMELDA BR DEPARI', NULL, NULL, NULL, 'PUTRI IMELDA BR DEPARI', 'ããããåêæáæâæãáå', NULL),
('599', 'Gudang Farmasi', NULL, NULL, NULL, 'Gudang Farmasi', 'åêæáæâæãæäãããããáæ', NULL),
('601', 'Wulan', NULL, NULL, NULL, 'Wulan', NULL, NULL),
('602', 'Asri Kawuri Widy Utami', NULL, NULL, NULL, 'Asri Kawuri Widy Utami', NULL, NULL),
('603', 'Moksalina Lamtiur', NULL, NULL, NULL, 'Moksalina Lamtiur', NULL, NULL),
('605', 'Rony Martimbun Purba', NULL, NULL, NULL, 'Rony Martimbun Purba', NULL, NULL),
('606', 'Mastiur Eureka Sinaga', NULL, NULL, NULL, 'Mastiur Eureka Sinaga', NULL, NULL),
('607', 'Theresia Novita Handayani', NULL, NULL, NULL, 'Theresia Novita Handayani', NULL, NULL),
('608', 'Paulus Bernadus Runtunuwu', NULL, NULL, NULL, 'Paulus Bernadus Runtunuwu', NULL, NULL),
('609', 'Julen Tamonob', NULL, NULL, NULL, 'Julen Tamonob', NULL, NULL),
('610', 'Sisilia Sumiati', NULL, NULL, NULL, 'Sisilia Sumiati', 'ããããããåêæáæâæãæäæåáç', NULL),
('611', 'Yana Kusdiana', NULL, NULL, NULL, 'Yana Kusdiana', NULL, NULL),
('612', 'Leonarda Florentina Ria Mbuu', NULL, NULL, NULL, 'Leonarda Florentina Ria Mbuu', NULL, NULL),
('613', 'Erna Garingging', NULL, NULL, NULL, 'Erna Garingging', 'ããããåêæáæâæãáå', NULL),
('614', 'Irma Yuanita Sigalingging', NULL, NULL, NULL, 'Irma Yuanita Sigalingging', NULL, NULL),
('615', 'DR. MONIKA INDAH', NULL, NULL, NULL, 'DR. MONIKA INDAH', 'åêæáæâæãæäãããããáæ', NULL),
('616', 'DESIDERATUS MARIANO AMDINGSAPU', NULL, NULL, NULL, 'DESIDERATUS MARIANO AMDINGSAPU', 'åêæáæâæãæäãããããáæ', NULL),
('617', 'ANITA NUR RETNANINGSIH', NULL, NULL, NULL, 'ANITA NUR RETNANINGSIH', 'ããããåêæáæâæãáå', NULL),
('700', 'E. D. Atawati Mandalani', NULL, NULL, NULL, 'E. D. Atawati Mandalani', 'åêæáæâãããáä', NULL),
('701', 'Sri Wahyuni', NULL, NULL, NULL, 'Sri Wahyuni', 'åêæáæâãããáä', NULL),
('702', 'Yosafat', NULL, NULL, NULL, 'Yosafat', NULL, NULL),
('703', 'Indriani Wilujeng', NULL, NULL, NULL, 'Indriani Wilujeng', 'åêæáæâãããáä', NULL),
('704', 'Maria Kristiani', NULL, NULL, NULL, 'Maria Kristiani', 'åêæáæâãããáä', NULL),
('705', 'Veronica Pentri', NULL, NULL, NULL, 'Veronica Pentri', 'ããæãæåáã', NULL),
('706', 'Riyanto Heribertus Yoseph', NULL, NULL, NULL, 'Riyanto Heribertus Yoseph', NULL, NULL),
('707', 'Feiby Caroline Kawengian', NULL, NULL, NULL, 'Feiby Caroline Kawengian', NULL, NULL),
('708', 'Sevenni Ginting', NULL, NULL, NULL, 'Sevenni Ginting', NULL, NULL),
('709', 'Fransisca Vicky Ferria', NULL, NULL, NULL, 'Fransisca Vicky Ferria', NULL, NULL),
('710', 'Uun Kurnita', NULL, NULL, NULL, 'Uun Kurnita', 'ããããåêæáæâæãáå', NULL),
('711', 'Christina Windarti Sulistyowat', NULL, NULL, NULL, 'Christina Windarti Sulistyowat', NULL, NULL);
INSERT INTO `user` (`user_id`, `user_nama`, `user_email`, `user_departemen`, `user_kontak`, `user_username`, `user_password`, `user_foto`) VALUES
('712', 'VINCENTIA SEPTIANA KARTIKA DEW', NULL, NULL, NULL, 'VINCENTIA SEPTIANA KARTIKA DEW', 'ããããåêæáæâæãáå', NULL),
('713', 'ERVINA NATALIA', NULL, NULL, NULL, 'ERVINA NATALIA', 'åêæáæâãããáä', NULL),
('714', 'ASRI NASTITI DEWI PRATIWI', NULL, NULL, NULL, 'ASRI NASTITI DEWI PRATIWI', 'ããããåêæáæâæãáå', NULL),
('715', 'HARIRESA JULIANA H.', NULL, NULL, NULL, 'HARIRESA JULIANA H.', 'êêêèêéââèââçãããääáæ', NULL),
('716', 'FLORENTINA VERA VIRERA', '', 'PERSONALIA', '', 'VERA', '202cb962ac59075b964b07152d234b70', NULL),
('717', 'YOHANA TEJAWATI', NULL, NULL, NULL, 'YOHANA TEJAWATI', 'ããããåêæáæâæãáå', NULL),
('718', 'YULIA METTY BUDIATI', NULL, NULL, NULL, 'YULIA METTY BUDIATI', 'ããããåêæáæâæãáå', NULL),
('719', 'CEILLY ANGELA PUTRI ARISTON', NULL, NULL, NULL, 'CEILLY ANGELA PUTRI ARISTON', 'åêæáæâãããáä', NULL),
('720', 'NOVITA SARI GAJA', NULL, NULL, NULL, 'NOVITA SARI GAJA', 'ããåêæááã', NULL),
('721', 'KRISTINA YULI LESTARI DEWI', NULL, NULL, NULL, 'KRISTINA YULI LESTARI DEWI', 'åêæáæâæãæäãããããáæ', NULL),
('722', 'CAECILIA BEATRIX FEBRIYANTI', NULL, NULL, NULL, 'CAECILIA BEATRIX FEBRIYANTI', 'åêæáæâæãæäãããããáæ', NULL),
('723', 'NOBITA SUGIARTO', NULL, NULL, NULL, 'NOBITA SUGIARTO', 'åêæáæâæãæäãããããáæ', NULL),
('724', 'MERRY FIRST ROSE MUTIS', NULL, NULL, NULL, 'MERRY FIRST ROSE MUTIS', 'ããããåêæáæâæãáå', NULL),
('725', 'INDAH WULANDARI', NULL, NULL, NULL, 'INDAH WULANDARI', 'ããããåêæáæâæãáå', NULL),
('800', 'Tia', NULL, NULL, NULL, 'Tia', 'åêæáæâãããáä', NULL),
('801', 'Anastasia Widiastuti', NULL, NULL, NULL, 'Anastasia Widiastuti', 'åêæáæâæãæäãããããáæ', NULL),
('802', 'Y. Marselina Putri', NULL, NULL, NULL, 'Y. Marselina Putri', NULL, NULL),
('803', 'Fransiska Prastiwi', NULL, NULL, NULL, 'Fransiska Prastiwi', 'ããããåêæáæâæãáå', NULL),
('804', 'Carolina Diana Natalia', NULL, NULL, NULL, 'Carolina Diana Natalia', NULL, NULL),
('805', 'Randi', NULL, NULL, NULL, 'Randi', NULL, NULL),
('806', 'C. Yorry Razak Effendi', NULL, NULL, NULL, 'C. Yorry Razak Effendi', NULL, NULL),
('807', 'Evi Krismayanti', NULL, NULL, NULL, 'Evi Krismayanti', NULL, NULL),
('808', 'Maria Goreti Dwi Astuti Pangli', NULL, NULL, NULL, 'Maria Goreti Dwi Astuti Pangli', NULL, NULL),
('809', 'Endang Kadarsih', '', 'REHAB MEDIS', '', 'Endang Kadarsih', '202cb962ac59075b964b07152d234b70', NULL),
('810', 'Teresia Krismawaty', NULL, NULL, NULL, 'Teresia Krismawaty', 'åéãáâ', NULL),
('811', 'Priska Niluh Ketut', '', 'POLI RAJAL', '', 'Priska', '202cb962ac59075b964b07152d234b70', NULL),
('812', 'Rita Sugiati', NULL, NULL, NULL, 'Rita Sugiati', 'ããããåêæáæâæãáå', NULL),
('813', 'Grace Shinta Runtunuwu', NULL, NULL, NULL, 'Grace Shinta Runtunuwu', NULL, NULL),
('814', 'Mira Widayanti', NULL, NULL, NULL, 'Mira Widayanti', NULL, NULL),
('815', 'Widya Deasy Prasatya', NULL, NULL, NULL, 'Widya Deasy Prasatya', NULL, NULL),
('816', 'Juliwati Sihite', NULL, NULL, NULL, 'Juliwati Sihite', NULL, NULL),
('817', 'Yohannes Hermanto', NULL, NULL, NULL, 'Yohannes Hermanto', NULL, NULL),
('818', 'Theresia Tresna Sumarni', NULL, NULL, NULL, 'Theresia Tresna Sumarni', NULL, NULL),
('819', 'Aprina Juwita', NULL, NULL, NULL, 'Aprina Juwita', NULL, NULL),
('820', 'Eufrasia Benedikta Yitnawati', NULL, NULL, NULL, 'Eufrasia Benedikta Yitnawati', NULL, NULL),
('821', 'MARGARETHA CHRISTIANDINI', NULL, NULL, NULL, 'MARGARETHA CHRISTIANDINI', 'ããããåêæáæâæãáå', NULL),
('822', 'DR. BEATRIX HUTAGALUNG', NULL, NULL, NULL, 'DR. BEATRIX HUTAGALUNG', 'ããããåêæáæâæãáå', NULL),
('830', 'BETHARIA ROULINA SIHOTANG', NULL, NULL, NULL, 'BETHARIA ROULINA SIHOTANG', 'ããããåêæáæâæãáå', NULL),
('850', 'Titi Nurlela', NULL, NULL, NULL, 'Titi Nurlela', 'ããããåêæáæâæãáå', NULL),
('851', 'Ari Wibowo', NULL, NULL, NULL, 'Ari Wibowo', NULL, NULL),
('852', 'Stefanus Ariawan', NULL, NULL, NULL, 'Stefanus Ariawan', NULL, NULL),
('853', 'M. Sofia, Sr, OSF', NULL, NULL, NULL, 'M. Sofia, Sr, OSF', 'åêæáæâæãæäãããããáæ', NULL),
('854', 'Listyari Yekti Wahyuni', NULL, NULL, NULL, 'Listyari Yekti Wahyuni', 'ããåêæááã', NULL),
('855', 'Elliyana Sinaga', NULL, NULL, NULL, 'Elliyana Sinaga', NULL, NULL),
('856', 'Ernita Septiana Simbolon', NULL, NULL, NULL, 'Ernita Septiana Simbolon', NULL, NULL),
('857', 'Deli Yuhana Augustina', NULL, NULL, NULL, 'Deli Yuhana Augustina', NULL, NULL),
('858', 'Indriyani', NULL, NULL, NULL, 'Indriyani', 'ããããåêæáæâæãáå', NULL),
('859', 'Sisca Dewi Yanti', NULL, NULL, NULL, 'Sisca Dewi Yanti', 'ããããåêæáæâæãáå', NULL),
('861', 'MEGA KHRISTIAN RINANTI', NULL, NULL, NULL, 'MEGA KHRISTIAN RINANTI', 'ããããåêæáæâæãáå', NULL),
('862', 'MEGA KHRISTIAN RINANTI', NULL, NULL, NULL, 'MEGA KHRISTIAN RINANTI', 'ããããåêæáæâæãáå', NULL),
('863', 'MARTHA DWIHASTUTI', NULL, NULL, NULL, 'MARTHA DWIHASTUTI', 'åêæáæâæãæäãããããáæ', NULL),
('864', 'EKAT ICA WAWEINI', NULL, NULL, NULL, 'EKAT ICA WAWEINI', 'ããããåêæáæâæãáå', NULL),
('870', 'DR. SUHARTY MUHAMMAD', NULL, NULL, NULL, 'DR. SUHARTY MUHAMMAD', 'ããããããåêæáæâæãæäæåáç', NULL),
('871', 'AGNES FAJAR ASRI SETIANI', NULL, NULL, NULL, 'AGNES FAJAR ASRI SETIANI', 'ããããåêæáæâæãáå', NULL),
('872', 'EVA DAME ROSIDA SIRAIT', NULL, NULL, NULL, 'EVA DAME ROSIDA SIRAIT', 'ããããããæåæäæãæâæáåêáç', NULL),
('873', 'SRI ERNA VERAWATI SINAGA', NULL, NULL, NULL, 'SRI ERNA VERAWATI SINAGA', 'ããããããæáæèåéæãåêæâáç', NULL),
('874', 'DR. NISLE PURADA', NULL, NULL, NULL, 'DR. NISLE PURADA', 'ããããåêæáæâæãáå', NULL),
('875', 'ANASTASIA RETNO WERDININGSIH, ', NULL, NULL, NULL, 'ANASTASIA RETNO WERDININGSIH, ', 'ããããåêæáæâæãáå', NULL),
('876', 'SRI MARSITI', NULL, NULL, NULL, 'SRI MARSITI', 'åêæáæâæãæäæåæææçæèåêåéãããããããããããââ', NULL),
('877', 'NUNGKY DWI PURWANTI', NULL, NULL, NULL, 'NUNGKY DWI PURWANTI', 'ããããåêæáæâæãáå', NULL),
('901', 'dr. Stefanus Eke Ola', NULL, NULL, NULL, 'dr. Stefanus Eke Ola', 'ããããåêæáæâæãáå', NULL),
('902', 'M. Giovani, Sr, OSF', NULL, NULL, NULL, 'M. Giovani, Sr, OSF', 'ããããããåêæáæâæãæäæåáç', NULL),
('903', 'DR. NUGRAH TRI AMIRANTI, Sp.A', NULL, NULL, NULL, 'DR. NUGRAH TRI AMIRANTI, Sp.A', 'ããããåêæáæâæãáå', NULL),
('904', 'DR. SHERLY THENDIAN', NULL, NULL, NULL, 'DR. SHERLY THENDIAN', 'ããããåêæáæâæãáå', NULL),
('905', 'DR. PAULINE OCTAVIANI', NULL, NULL, NULL, 'DR. PAULINE OCTAVIANI', 'ããããåêæáæâæãáå', NULL),
('906', 'DR. JHON PERRY B. SIMANJUNTAK', NULL, NULL, NULL, 'DR. JHON PERRY B. SIMANJUNTAK', 'ããããåêæáæâæãáå', NULL),
('907', 'DR. KEISHATYANARSA KUNTJORO', NULL, NULL, NULL, 'DR. KEISHATYANARSA KUNTJORO', 'ããããåêæáæâæãáå', NULL),
('908', 'DR. DEBORA VICTORIA', NULL, NULL, NULL, 'DR. DEBORA VICTORIA', 'ããããåêæáæâæãáå', NULL),
('909', 'DR. RAKA KRISTYANDI PRABA', NULL, NULL, NULL, 'DR. RAKA KRISTYANDI PRABA', 'ããããåêæáæâæãáå', NULL),
('910', 'DR. FOUREN ATRIA LARASATI', NULL, NULL, NULL, 'DR. FOUREN ATRIA LARASATI', 'ããããåêæáæâæãáå', NULL),
('940', 'M. Xaverina, OSF', NULL, NULL, NULL, 'M. Xaverina, OSF', NULL, NULL),
('943', 'Ignace Marie, OSF', NULL, NULL, NULL, 'Ignace Marie, OSF', NULL, NULL),
('944', 'M. MARCELLINE, OSF', NULL, NULL, NULL, 'M. MARCELLINE, OSF', 'åêæáæâæãæäãããããáæ', NULL),
('950', 'DR. VIRNA WITA, MARS', NULL, NULL, NULL, 'DR. VIRNA WITA, MARS', 'ããããåêæáæâæãáå', NULL),
('951', 'DR. ANTONIUS YUDIANTO, MARS', NULL, NULL, NULL, 'DR. ANTONIUS YUDIANTO, MARS', 'ããããåêæáæâæãáå', NULL),
('952', 'SR. M. Grace Akay, OSF', NULL, NULL, NULL, 'SR. M. Grace Akay, OSF', 'ããããåêæáæâæãáå', NULL),
('953', 'SR. M. ANICETA, OSF', NULL, NULL, NULL, 'SR. M. ANICETA, OSF', 'ããããåêæáæâæãáå', NULL),
('954', 'DR. NURLY JULIASTI NABABAN', NULL, NULL, NULL, 'DR. NURLY JULIASTI NABABAN', 'ããããåêæáæâæãáå', NULL),
('955', 'DR. DOLLY PURNOMO KRISTIANTO', NULL, NULL, NULL, 'DR. DOLLY PURNOMO KRISTIANTO', 'ããããåêæáæâæãáå', NULL),
('956', 'PANTJA LIHESTININGSIH', NULL, NULL, NULL, 'PANTJA LIHESTININGSIH', 'åêæáæâãããáä', NULL),
('957', 'SR M ALICE SEPTIANA LANTARSIH ', NULL, NULL, NULL, 'SR M ALICE SEPTIANA LANTARSIH ', 'ããããåêæáæâæãáå', NULL),
('958', 'SR. M. YOSEFANI, OSF', NULL, NULL, NULL, 'SR. M. YOSEFANI, OSF', 'ããããåêæáæâæãáå', NULL),
('999', 'SARA', NULL, NULL, NULL, 'SARA', 'åêæáæâæãæäãããããáæ', NULL),
('ADM', 'Administrator', NULL, NULL, NULL, 'Administrator', 'ääääääâáéâáâââáâââââéâââáç', NULL),
('FAR', 'JULIUS SATRIYOWIJOYO', NULL, NULL, NULL, 'JULIUS SATRIYOWIJOYO', 'ããããåêæáæâæãáå', NULL),
('SYS', 'SYSTEM', NULL, NULL, NULL, 'SYSTEM', NULL, NULL),
('Virna', 'DR. VIRNA WITA, MARS', NULL, NULL, NULL, 'DR. VIRNA WITA, MARS', 'ããããåêæáæâæãáå', NULL);

-- --------------------------------------------------------

--
-- Table structure for table `user_import`
--

CREATE TABLE `user_import` (
  `user_id` varchar(20) DEFAULT NULL,
  `user_nama` varchar(150) DEFAULT NULL,
  `user_password` varchar(255) DEFAULT NULL
) ENGINE=InnoDB DEFAULT CHARSET=utf8mb4 COLLATE=utf8mb4_0900_ai_ci;

--
-- Dumping data for table `user_import`
--

INSERT INTO `user_import` (`user_id`, `user_nama`, `user_password`) VALUES
('﻿001', 'Yohanes Tri Pramono', 'ääãäääääââãââåêèâáêâáâââæââçââèáé'),
('002', 'JULIUS SATRIYOWIJOYO', 'ããããåêæáæâæãáå'),
('003', 'Tulus W', 'åêæáæâæãæäãããããáæ'),
('005', 'A. Anton Rudianto', 'ããããåêæáæâæãáå'),
('006', 'Tina Farmitalia', 'ããããããåêæáæâæãæäæåáç'),
('007', 'Julius Satriyowijoyo', 'ääääääâáéâáâââáâââââéâââáç'),
('008', 'YAKOBUS TULUS WURIONO', 'ããããåêæáæâæãáå'),
('009', 'Victorio Baskoro', 'ääääääâáéâáâââáâââââéâââáç'),
('010', 'Ignatius Argo Darmoro', 'ããããããåêæáæâæãæäæåáç'),
('023', 'Michael Heryanto', 'ããåêæááã'),
('024', 'Michael Heryanto', 'åêæáæâãããáä'),
('050', 'SANTI HERNAWATI', 'åêæáæâæãæäãããããáæ'),
('051', 'REGINA SHINTA RATNAWATI', 'ããããåêæáæâæãáå'),
('101', 'Wiwik Trimulatsih', 'ããããåéæååêåêáå'),
('102', 'Butet', 'ããããåêæáæâæãáå'),
('103', 'Maria Carollina Windihastanti', NULL),
('104', 'Kiki Lestari', NULL),
('105', 'Tina', 'ããåêæááã'),
('106', 'V. Heny Puspa Ratri', 'åêæáæâãããáä'),
('107', 'Heni Puri Astria', NULL),
('108', 'Wilhelmina', NULL),
('109', 'Yuli', 'ããããåêæáæâæãáå'),
('110', 'DWI RISTHA NOVARIANI', 'åêæáæâãããáä'),
('111', 'Paulina Poerwati', 'åêæáæâãããáä'),
('112', 'Atanasia Kiki', 'ââæââèâáéâáæââæäääääáæ'),
('113', 'Angela Maria Titin', 'åêæáæâãããáä'),
('114', 'Moniqa', NULL),
('115', 'Lusia Nunik', 'åêæáæâæãæäãããããáæ'),
('116', 'Yustinus Marwan', 'ããããåêæáæâæãáå'),
('117', 'Detalia', NULL),
('118', 'Theresia Novita Handayani', NULL),
('119', 'Agnes Mulya Supersemarti Cenon', 'ããããåêæáæâæãáå'),
('120', 'Roswani E.', NULL),
('121', 'Diyan Untari', NULL),
('122', 'K. Chandra Sitoresmi', NULL),
('123', 'H. Divo Gracianto', NULL),
('124', 'Yustina Y.', 'åêæáæâãããáä'),
('125', 'Lucyana Pudji H.', NULL),
('126', 'Florida', NULL),
('127', 'Ni Made Dwi S. P.', 'ããããåêæáæâæãáå'),
('128', 'Murti Winarsih', 'åêæáæâãããáä'),
('129', 'Emmelia Indiyati', NULL),
('130', 'Reskha Yuliana', NULL),
('131', 'Stephanie', NULL),
('133', 'Titi Anggriani', 'åêæáæâãããáä'),
('134', 'Veronica Nuke Endrayati', NULL),
('135', 'V.M.G. Dhitya Dyah Pramesty', NULL),
('136', 'Eunike Novianti', 'ããããåêæáæâæãáå'),
('137', 'Christiana Lestari', NULL),
('138', 'Margaret Ladiyanto', NULL),
('139', 'Dominicus Dimas', NULL),
('140', 'Milka Tanuwijaya', 'ããããåêæáæâæãáå'),
('141', 'Fransisca Nur Widyastuti', NULL),
('142', 'Anggun Desiyana', 'ããããåêæáæâæãáå'),
('143', 'Fransisca Rina Handayani', 'åêæáæâãããáä'),
('151', 'Indang', 'ããããåêæáæâæãáå'),
('152', 'Ina Oetriwahyu', 'ããããåêæáæâæãáå'),
('153', 'Istianingsih', 'æèæçæææåæäæãæâæáåêãããããããããáê'),
('154', 'Paulus Gunawan Barianto', NULL),
('155', 'Helena Teresia', NULL),
('156', 'Metty', 'åêæáæâãããáä'),
('200', 'Sr. Materna', 'åêæáæâãããáä'),
('2002', 'Wiwik Trimulatsih', NULL),
('201', 'Anna Widayanti', NULL),
('202', 'Sinta Palebangan', 'ããããåêæáæâæãáå'),
('204', 'FEBRIANA PURYATNINGRUM', 'ããåêæááã'),
('205', 'ELISABETH FERA NARULITA', 'åêæáæâãããáä'),
('300', 'Endang Setyowati', 'ããããåêæáæâæãáå'),
('301', 'Robertus Andika', NULL),
('302', 'Siswanto Budi Utomo', NULL),
('303', 'Margaretha Feri Daniati', NULL),
('304', 'IGNATIUS GUSTUT NUGROHO ', NULL),
('305', 'Theodora Wulan', NULL),
('306', 'EPIPHANA ESTY YULIARTI', 'ããããåêæáæâæãáå'),
('307', 'EMANUEL MOTON', 'ããããåêæáæâæãáå'),
('308', 'Septiani Lidia', NULL),
('400', 'Maria Arsanti Marganingsih', NULL),
('401', 'Stefanni', NULL),
('402', 'Melyana Ludria  Moerland', 'ããããããåêæáæâæãæäæåáç'),
('0021', 'Retno Asih', 'ããããããåêæáæâæãæäæåáç'),
('4040', 'Rommy Hermawan', 'ããããããåêæáæâæãæäæåáç'),
('405', 'Catharina Maria Widihastuti', 'ããããããåêæáæâæãæäæåáç'),
('406', 'Yohanes Noviano Fredy', NULL),
('407', 'Veronica Vindi Rastuti', NULL),
('408', 'Fransiska Desti Oktarina', 'ããããããåêæáæâæãæäæåáç'),
('409', 'Mono Turwono', 'ããããããåêæáæâæãæäæåáç'),
('410', 'GIDION AGUNG PRABOWO', 'ããããããåêæáæâæãæäæåáç'),
('411', 'CHRISTINE SHERLLY ROSYA', 'ããããããåêæáæâæãæäæåáç'),
('500', 'Theresia Sugiyarti', 'åêæáæâãããáä'),
('501', 'L. Sri Rahayu', NULL),
('502', 'Herini Yuni Ati', NULL),
('503', 'V. Ikowati Dewi P', 'ããããåêæáæâæãáå'),
('504', 'Kristina Dian Pradani', NULL),
('505', 'Lina Juwita', 'ããããåêæáæâæãáå'),
('506', 'Yuwita Hertika Siahaan', NULL),
('508', 'Arya Dani Dharmayanto', NULL),
('509', 'Yuliani', NULL),
('512', 'Gilang Ramadhan', NULL),
('513', 'Chatarina Wintari', NULL),
('514', 'Theresia Herni Margi', NULL),
('517', 'Hani Elfrida Sirait', NULL),
('518', 'M. Carola, Sr, OSF', NULL),
('519', 'Fitri Yunita Esani Sirait', 'ããããåêæáæâæãáå'),
('520', 'LUSIA IKA SEPTIANI', 'åêæáæâæãæäæåæææçæèãããããããããáê'),
('521', 'Fransisca Dewi Eka Wijayanti', NULL),
('522', 'Christin Dwi Astuti', 'ããããåêæáæâæãáå'),
('523', 'Hesti Almaeni', NULL),
('524', 'Indah Novita Sari', 'ããåêæááã'),
('525', 'Lenny Marlina', NULL),
('526', 'AGUSTINUS DIDIK ARI ISWANTO', 'ããããåêæáæâæãáå'),
('527', 'Dominikus Sugiyono', NULL),
('528', 'Rotua Tampubolon', 'åêæáæâãããáä'),
('530', 'Theresia Ayu Prameswari', NULL),
('531', 'VICKI SINAGA', 'åêæáæâæãæäãããããáæ'),
('532', 'Elisabeth Mariana Djawa', 'åêæáæâãããáä'),
('533', 'Novita Eliana', NULL),
('599', 'Gudang Farmasi', 'åêæáæâæãæäãããããáæ'),
('601', 'Wulan', NULL),
('602', 'Asri Kawuri Widy Utami', NULL),
('603', 'Moksalina Lamtiur', NULL),
('605', 'Rony Martimbun Purba', NULL),
('606', 'Mastiur Eureka Sinaga', NULL),
('607', 'Theresia Novita Handayani', NULL),
('608', 'Paulus Bernadus Runtunuwu', NULL),
('609', 'Julen Tamonob', NULL),
('610', 'Sisilia Sumiati', 'ããããããåêæáæâæãæäæåáç'),
('611', 'Yana Kusdiana', NULL),
('612', 'Leonarda Florentina Ria Mbuu', NULL),
('613', 'Erna Garingging', 'ããããåêæáæâæãáå'),
('614', 'Irma Yuanita Sigalingging', NULL),
('700', 'E. D. Atawati Mandalani', 'åêæáæâãããáä'),
('701', 'Sri Wahyuni', 'åêæáæâãããáä'),
('702', 'Yosafat', NULL),
('703', 'Indriani Wilujeng', 'åêæáæâãããáä'),
('704', 'Maria Kristiani', 'åêæáæâãããáä'),
('705', 'Veronica Pentri', 'ããæãæåáã'),
('706', 'Riyanto Heribertus Yoseph', NULL),
('707', 'Feiby Caroline Kawengian', NULL),
('708', 'Sevenni Ginting', NULL),
('709', 'Fransisca Vicky Ferria', NULL),
('710', 'Uun Kurnita', 'ããããåêæáæâæãáå'),
('711', 'Christina Windarti Sulistyowat', NULL),
('800', 'Tia', 'åêæáæâãããáä'),
('801', 'Anastasia Widiastuti', 'åêæáæâæãæäãããããáæ'),
('802', 'Y. Marselina Putri', NULL),
('803', 'Fransiska Prastiwi', 'ããããåêæáæâæãáå'),
('804', 'Carolina Diana Natalia', NULL),
('805', 'Randi', NULL),
('806', 'C. Yorry Razak Effendi', NULL),
('807', 'Evi Krismayanti', NULL),
('808', 'Maria Goreti Dwi Astuti Pangli', NULL),
('809', 'Endang Kadarsih', NULL),
('810', 'Teresia Krismawaty', 'åéãáâ'),
('811', 'Priska Niluh Ketut', NULL),
('812', 'Rita Sugiati', 'ããããåêæáæâæãáå'),
('813', 'Grace Shinta Runtunuwu', NULL),
('814', 'Mira Widayanti', NULL),
('815', 'Widya Deasy Prasatya', NULL),
('816', 'Juliwati Sihite', NULL),
('817', 'Yohannes Hermanto', NULL),
('818', 'Theresia Tresna Sumarni', NULL),
('819', 'Aprina Juwita', NULL),
('820', 'Eufrasia Benedikta Yitnawati', NULL),
('850', 'Titi Nurlela', 'ããããåêæáæâæãáå'),
('851', 'Ari Wibowo', NULL),
('852', 'Stefanus Ariawan', NULL),
('853', 'M. Sofia, Sr, OSF', 'åêæáæâæãæäãããããáæ'),
('854', 'Listyari Yekti Wahyuni', 'ããåêæááã'),
('855', 'Elliyana Sinaga', NULL),
('856', 'Ernita Septiana Simbolon', NULL),
('857', 'Deli Yuhana Augustina', NULL),
('858', 'Indriyani', 'ããããåêæáæâæãáå'),
('859', 'Sisca Dewi Yanti', 'ããããåêæáæâæãáå'),
('901', 'dr. Stefanus Eke Ola', 'ããããåêæáæâæãáå'),
('902', 'M. Giovani, Sr, OSF', 'ããããããåêæáæâæãæäæåáç'),
('903', 'DR. NUGRAH TRI AMIRANTI, Sp.A', 'ããããåêæáæâæãáå'),
('940', 'M. Xaverina, OSF', NULL),
('943', 'Ignace Marie, OSF', NULL),
('1000', 'Yohanes Tri Pramono', 'äãääääââãêèââæâáæâáâââááç'),
('1001', 'Yohanes Tri Pramono', NULL),
('1002', 'FO MALAM', NULL),
('1003', 'M. Carola, Sr, OSF', 'âáäââèâááêèââáâáäâáãêèââåâáêêèââæâáæäääãäääãääãääâä'),
('ADM', 'Administrator', 'ääääääâáéâáâââáâââââéâââáç'),
('SYS', 'SYSTEM', NULL),
('713', 'ERVINA NATALIA', 'åêæáæâãããáä'),
('540', 'VALENTIA', NULL),
('159', 'ARYANI RATNASARI', 'åêæáæâæãæäãããããáæ'),
('167', 'RHESYA MARINA SOEKOER', 'ããããåêæáæâæãáå'),
('168', 'SULIS SETIANI', 'åêæáæâãããáä'),
('160', 'CLAUDIA YUNI LYSTIA', NULL),
('541', 'CHRISTINA AYU WIDIANTO', NULL),
('542', 'VALENTINA NOVITA RESTUWATI', 'åêæáæâæãæäãããããáæ'),
('538', 'PIPID KUSMIYARSIH', 'ããããåêæáæâæãáå'),
('534', 'DIDIK', NULL),
('535', 'NOVE LINIAR VICTORIA', 'åêæáæâãããáä'),
('536', 'DETA NINDIASARI', 'ããåêæááã'),
('537', 'ASTRI WIJAYANTI', NULL),
('539', 'LESRIA SARAGIH', NULL),
('543', 'MARGARETA LILIS LISTYANI', 'ããããåêæáæâæãáå'),
('861', 'MEGA KHRISTIAN RINANTI', 'ããããåêæáæâæãáå'),
('161', 'LIDYA MAYRANI NURJAYANTHI DETH', 'ããããåêæáæâæãáå'),
('714', 'ASRI NASTITI DEWI PRATIWI', 'ããããåêæáæâæãáå'),
('Virna', 'DR. VIRNA WITA, MARS', 'ããããåêæáæâæãáå'),
('162', 'ANIK SAVITRI', 'ããããåêæáæâæãáå'),
('950', 'DR. VIRNA WITA, MARS', 'ããããåêæáæâæãáå'),
('862', 'MEGA KHRISTIAN RINANTI', 'ããããåêæáæâæãáå'),
('251', 'PANCA PRIATMAJA PUTRO BP', 'ããããåêæáæâæãáå'),
('252', 'WAHYU RIZAL TUAHTA', 'ããããããåêæáæâæãæäæâáç'),
('544', 'NUR INDAH WULANDARI', 'ããããåêæáæâæãáå'),
('163', 'GEORGIUS WINANTO GAUTAMA', 'ããããåêæáæâæãáå'),
('166', 'ANASTASIA RARA PISCA DEWI', 'ããããåêæáæâæãáå'),
('545', 'PARAMITA SIHOTANG', 'ããããåêæáæâæãáå'),
('546', 'PARAMITA SIHOTANG', 'ããããåêæáæâæãáå'),
('169', 'MONIKA UTAMI FAUTNGILJANAN', 'ããããåêæáæâæãáå'),
('011', 'Lelyani Septi Diah M', 'ããããåêæáæâæãáå'),
('548', 'SUSI DEWI SUSANTY', 'ããããåêæáæâæãáå'),
('171', 'FLORENTINA SEPTIANI INTAN P.', 'ããããåêæáæâæãáå'),
('412', 'DENISHA GISKA ARIESTA', 'ããããããåêæáæâæãæäæåáç'),
('414', 'AGNES OLGA DEA ORTEGATANIA', 'ããåêæááã'),
('415', 'MONICA RENY BUDIANA PUTRI', 'ããããåêæáæâæãáå'),
('164', 'RUCI ADI PUTERA', 'ããããåêæáæâæãáå'),
('310', 'EUPHRASIA BERTHA MURWASTANTRI', 'ããããåêæáæâæãáå'),
('547', 'SARAH DEBORAH ROSITA MANULLANG', 'ããããåêæáæâæãáå'),
('170', 'CICILIA HELEN', 'ããããåêæáæâæãáå'),
('549', 'CICILIA LINTANG KUSUMAWARDANI', 'ããããåêæáæâæãáå'),
('172', 'KUMALASARI ALDISA TJAHJONO', 'ããããåêåêåêåêáå'),
('863', 'MARTHA DWIHASTUTI', 'åêæáæâæãæäãããããáæ'),
('715', 'HARIRESA JULIANA H.', 'êêêèêéââèââçãããääáæ'),
('311', 'WITI ANDRIYANI', 'ããããåêæáæâæãáå'),
('312', 'HERLINA MARTINA', 'ããããåêæáæâæãáå'),
('319', 'NOVEMBRI S. TOMALUWENG', 'ããããåêæáæâæãáå'),
('550', 'SR. M. ROSANNE, OSF', 'ããããåêæáæâæãáå'),
('004', 'SPICA NAVIOLA MARSELINA', 'ããããåêæáæâæãáå'),
('615', 'DR. MONIKA INDAH', 'åêæáæâæãæäãããããáæ'),
('616', 'DESIDERATUS MARIANO AMDINGSAPU', 'åêæáæâæãæäãããããáæ'),
('716', 'FLORENTINA VERA VIRERA', 'ããããåêæáæâæãáå'),
('870', 'DR. SUHARTY MUHAMMAD', 'ããããããåêæáæâæãæäæåáç'),
('173', 'YANTI KANARIA PARDEDE', 'ããããåêæáæâæãáå'),
('717', 'YOHANA TEJAWATI', 'ããããåêæáæâæãáå'),
('551', 'MONICA RINA YULIANTI', 'ããããåêæáæâæãáå'),
('871', 'AGNES FAJAR ASRI SETIANI', 'ããããåêæáæâæãáå'),
('617', 'ANITA NUR RETNANINGSIH', 'ããããåêæáæâæãáå'),
('5530', 'VENESSYA CIKITA MITAKDA', 'ããããåêæáæâæãáå'),
('821', 'MARGARETHA CHRISTIANDINI', 'ããããåêæáæâæãáå'),
('718', 'YULIA METTY BUDIATI', 'ããããåêæáæâæãáå'),
('313', 'TUTI HARIANTI WARUWU', 'ããããåêæáæâæãáå'),
('822', 'DR. BEATRIX HUTAGALUNG', 'ããããåêæáæâæãáå'),
('511', 'VICTORIA HERLINDA SEU', 'ããããåêæáæâæãáå'),
('174', 'MARIA MAGDALENA HARTUTI', 'ããããåêæáæâæãáå'),
('554', 'MARIA MAGDALENA PULO', 'èèçæéãèäçæãããããáæ'),
('175', 'IGNASIA SUNDARI SITUMORANG', 'åêæáæâæãæäãããããáæ'),
('555', 'MARIA ROSARI DEVI KARTIKA RINI', 'æäæäæäãããáä'),
('719', 'CEILLY ANGELA PUTRI ARISTON', 'åêæáæâãããáä'),
('176', 'HELLEN JESSICA LATUPEIRISSA', 'åêæáæâæãæäãããããáæ'),
('951', 'DR. ANTONIUS YUDIANTO, MARS', 'ããããåêæáæâæãáå'),
('952', 'SR. M. Grace Akay, OSF', 'ããããåêæáæâæãáå'),
('314', 'ANTONIUS ERICSON RENJAAN', 'ããããåêæáæâæãáå'),
('177', 'FALENTINA TABAH WIJAYANTI', 'ããããåêæáæâæãáå'),
('1066', 'FRANSISCA ERSAVINNA P', 'åêæáæâæãæäãããããáæ'),
('179', 'FRANSISCA VITA KRISTANTI', 'åêæáæâæãæäãããããáæ'),
('418', 'BERNADUS FERNANDO ANDRI', 'åêæáæâæãæäãããããáæ'),
('419', 'IFTITAKHUR ROHMAH AMALIA', 'ããããåêæáæâæãáå'),
('420', 'ROTUA RISWANTI SIMARMATA', 'åêæáæâæãæäãããããáæ'),
('873', 'SRI ERNA VERAWATI SINAGA', 'ããããããæáæèåéæãåêæâáç'),
('316', 'MARIA DWIKA PUSPITA', 'ããããåêæáæâæãáå'),
('012', 'MICHAEL DAVID SEDA', 'ããããåêæáæâæãáå'),
('556', 'MARCELLINA AVISTYA WINDHAN KUM', 'æâæáåêãããáä'),
('944', 'M. MARCELLINE, OSF', 'åêæáæâæãæäãããããáæ'),
('180', 'KARUNIAWATI', 'åêæáæâæãæäãããããáæ'),
('904', 'DR. SHERLY THENDIAN', 'ããããåêæáæâæãáå'),
('874', 'DR. NISLE PURADA', 'ããããåêæáæâæãáå'),
('557', 'RUMONDANG', 'ããããæáæååéæçáå'),
('317', 'WAHYU DJOJO WIDODO', 'ããããåêæáæâæãáå'),
('318', 'RYU NIPONG', 'ããããåêæáæâæãáå'),
('905', 'DR. PAULINE OCTAVIANI', 'ããããåêæáæâæãáå'),
('558', 'RURY HANGGAR TYAS UTAMI', 'ããããããæáæâåéæææèæãáç'),
('450', 'YUSTINA WIDANINGSIH, AMG', 'ããããåêæáæâæãáå'),
('052', 'FIRDAUS GINTING, AMD.KEP', 'ããããåêæáæâæãáå'),
('350', 'YUHANA SEHWILARTI', 'ããããåêæáæâæãáå'),
('355', 'AGUNG SETIAWAN', 'ããããåêæáæâæãáå'),
('356', 'GORDON NABABAN', 'ããããåêæáæâæãáå'),
('875', 'ANASTASIA RETNO WERDININGSIH, ', 'ããããåêæáæâæãáå'),
('359', 'AGUSTINUS SETYO ATMOJO, AMD.KE', 'åêæáæâãããáä'),
('181', 'NILA AYU PRASTIKA SARI', 'ããããåêæáæâæãáå'),
('906', 'DR. JHON PERRY B. SIMANJUNTAK', 'ããããåêæáæâæãáå'),
('559', 'RUT REBEKA', 'åêæáæâãããáä'),
('157', 'Veronica Hariyani Devi Suparno', 'åêæáæâãããáä'),
('552', 'ANASTASYA PRISCILLA MEGA PUTRI', 'ääääãäääââãââåâáæââáêêâáâââæââæáé'),
('720', 'NOVITA SARI GAJA', 'ããåêæááã'),
('315', 'MARIA AGAFITA', 'ããããåêæáæâæãáå'),
('178', 'FRANSISCA ERSAVINNA P', 'åêåêåêãããáä'),
('830', 'BETHARIA ROULINA SIHOTANG', 'ããããåêæáæâæãáå'),
('351', 'DANIEL RUSMONO', 'ããããåêæáæâæãáå'),
('352', 'MOHAMMAD IMRON', 'ããããåêæáæâæãáå'),
('358', 'SUSMORO', 'ããããåêæáæâæãáå'),
('182', 'IMELDA', 'åêæáæâãããáä'),
('721', 'KRISTINA YULI LESTARI DEWI', 'åêæáæâæãæäãããããáæ'),
('999', 'SARA', 'åêæáæâæãæäãããããáæ'),
('053', 'YOHANA FRANSISKA WIDYASTUTI', 'åêæáæâæãæäãããããáæ'),
('953', 'SR. M. ANICETA, OSF', 'ããããåêæáæâæãáå'),
('361', 'ANDRI SUTRISNO', 'ããããåêæáæâæãáå'),
('183', 'MONICA HEROLINA', 'åêæáæâãããáä'),
('560', 'VERONIKA LAUREN CHRISTIANI', 'ããããåêæáæâæãáå'),
('954', 'DR. NURLY JULIASTI NABABAN', 'ããããåêæáæâæãáå'),
('722', 'CAECILIA BEATRIX FEBRIYANTI', 'åêæáæâæãæäãããããáæ'),
('184', 'VICTOR RIKIN', 'ããããåêæáæâæãáå'),
('723', 'NOBITA SUGIARTO', 'åêæáæâæãæäãããããáæ'),
('185', 'M. AGUS HARI YADI', 'ããããåêæáæâæãáå'),
('362', 'PURWADI', 'ããããåêæáæâæãáå'),
('724', 'MERRY FIRST ROSE MUTIS', 'ããããåêæáæâæãáå'),
('186', 'ELISABETH ANGELIA SUCITYASWATI', 'åêæáæâãããáä'),
('955', 'DR. DOLLY PURNOMO KRISTIANTO', 'ããããåêæáæâæãáå'),
('956', 'PANTJA LIHESTININGSIH', 'åêæáæâãããáä'),
('320', 'KENNARDI HUGO', 'ããããåêæáæâæãáå'),
('907', 'DR. KEISHATYANARSA KUNTJORO', 'ããããåêæáæâæãáå'),
('561', 'DIAN FIRDASARI', 'ããããåêæáæâæãáå'),
('562', 'SELPIANA KOMBA', 'ããããåêæáæâæãáå'),
('876', 'SRI MARSITI', 'åêæáæâæãæäæåæææçæèåêåéãããããããããããââ'),
('725', 'INDAH WULANDARI', 'ããããåêæáæâæãáå'),
('957', 'SR M ALICE SEPTIANA LANTARSIH ', 'ããããåêæáæâæãáå'),
('321', 'NATA NAEL PARULIAN SIHALOHO', 'åêæáæâãããáä'),
('563', 'AYU CITRA MADONNA', 'åêæáæâãããáä'),
('564', 'HENNY AFRIANI', 'ããããåêæáæâæãáå'),
('864', 'EKAT ICA WAWEINI', 'ããããåêæáæâæãáå'),
('322', 'TOMI', 'ããããåêæáæâæãáå'),
('565', 'DWI NOVITASARI', 'ããããåêæáæâæãáå'),
('566', 'ANICETA REGINA PENI', 'ããããåêæáæâæãáå'),
('422', 'MARIA GETRUDIS GHEME', 'ããããåêæáæâæãáå'),
('423', 'MUHAMAD DZAKI NURHIDAYAT', 'ããããåêæáæâæãáå'),
('323', 'AMURWANI DYAN PRATIWI', 'ããããåêæáæâæãáå'),
('426', 'STEPHANIE CANDRA RIANDIKA', 'ããããåêæáæâæãáå'),
('427', 'ESTA NASRANI', 'ããããåêæáæâæãáå'),
('568', 'PAULISTA PADI', 'ããããåêæáæâæãáå'),
('569', 'MARSELINA RADU PALA', 'ããããåêæáæâæãáå'),
('189', 'ATALIA PRAMESWARI ARIANI', 'ããããåêæáæâæãáå'),
('1095', 'APRILIAN HANDAYANI PADI NG', 'ããããåêæáæâæãáå'),
('190', 'VIRGINIA HARIANJA', 'ããããåêæáæâæãáå'),
('191', 'YOHANNES HERMANTO LUBIS', 'ããããåêæáæâæãáå'),
('910', 'DR. FOUREN ATRIA LARASATI', 'ããããåêæáæâæãáå'),
('192', 'NOVA HERLYNA', 'ããããåêæáæâæãáå'),
('0457', 'HARTATI SIHOMBING', 'ããããåêæáæâæãáå'),
('1121', 'RIA DAMAYANTI PUTRI', 'ããããåêæáæâæãáå'),
('1309', 'ANGELINA WIDYA SANTOSO', 'ããããåêæáæâæãáå'),
('1316', 'TRIYA AGETA SEVIANI', 'ããããåêæáæâæãáå'),
('0559', 'LILIS SURYANI', 'ããããåêæáæâæãáå'),
('1371', 'NI LUH SRI SUKASIH', 'ããããåêæáæâæãáå'),
('571', 'PUTRI IMELDA BR DEPARI', 'ããããåêæáæâæãáå'),
('014', 'GUIDO ANDRIAN NOVANTIO', 'ããããåêæáæâæãáå'),
('0531', 'HARI PRAMONO', 'ããããåêæáæâæãáå'),
('1403', 'ANNA MARIA PURBA', 'ããããåêæáæâæãáå'),
('1391', 'HARLAN PUTRA WIBOWO', 'ããããåêæáæâæãáå'),
('1394', 'YANUARI VIRA PALUPI', 'ããããåêæáæâæãáå'),
('0915', 'DR. CHANDRA ROCHILI TAN', 'ããããåêæáæâæãáå'),
('0922', 'DR. FIANNA HERONIQUE NELWAN, SP.A', 'ããããåêæáæâæãáå'),
('0981', 'DR. ADRIA RUSLI, SP. P', 'ããããåêæáæâæãáå'),
('0982', 'DR. M. YUSUF SULAIMAN M, SP. M', 'ããããåêæáæâæãáå'),
('0733', 'DRG. DEVI HENDRA', 'ããããåêæáæâæãáå'),
('413', 'FRIDA REZKI NUGRAHENI', 'ããããããåêæáæâæãæäæåáç'),
('416', 'MICHAEL DWI FERDIYANTO', 'ããããããåêæáæâæãæäæåáç'),
('417', 'DEWI HASTUTI', 'ããããããåêæáæâæãæäæåáç'),
('872', 'EVA DAME ROSIDA SIRAIT', 'ããããããæåæäæãæâæáåêáç'),
('510', 'MARIA MAGDALENA PULO', 'èèçæéãèäçæãããããáæ'),
('353', 'OCTAVIANUS MUNDI PRABOWO', 'ããããåêæáæâæãáå'),
('958', 'SR. M. YOSEFANI, OSF', 'ããããåêæáæâæãáå'),
('425', 'VICTORIA IRINES WIDYASTUTI', 'ããããåêæáæâæãáå'),
('428', 'LEDY FAULANTY', 'ããããåêæáæâæãáå'),
('0102', 'JULIUS SATRIYOWIJOYO', 'ããããåêæáæâæãáå'),
('877', 'NUNGKY DWI PURWANTI', 'ããããåêæáæâæãáå'),
('570', 'TERESIA SRI HARTATI', 'ããããåêæáæâæãáå'),
('1314', 'SUCI ANGGUN PRATIWI', 'ããããåêæáæâæãáå'),
('1176', 'KRISTINA SITORUS', 'ããããåêæáæâæãáå'),
('1378', 'DR. PATRIOTIKA ISMAIL,SP.PD', 'ããããåêæáæâæãáå'),
('1331', 'ASWIN SIDI FEBRIYANTI', 'ããããåêæáæâæãáå'),
('1369', 'DR ANINDITA KARTIKA WIRAPUTRI', 'ããããåêæáæâæãáå'),
('1301', 'DR. VINCENTIUS NOVIAN ROMILIO', 'ããããåêæáæâæãáå'),
('1231', 'DR. FABRIEN HEIN WILLEM, SP. O', 'ããããåêæáæâæãáå'),
('0605', 'DR. DICKY SUGIHARTO, SP.B', 'ããããåêæáæâæãáå'),
('1079', 'DR. RIZZA NURCAHYA, SP. B', 'ããããåêæáæâæãáå'),
('0980', 'DR. BASUNI RADI, SP. JP', 'ããããåêæáæâæãáå'),
('1250', 'DR. DENNY ACHMAD PRAYOGA, SP.U', 'ããããåêæáæâæãáå'),
('0946', 'DR. ROSA ANGGRAENI DONGORAN M.', 'ããããåêæáæâæãáå'),
('1120', 'DRG. YOSHEPINE CAROLINE', 'ããããåêæáæâæãáå'),
('1426', 'JENNIE MONICA AUBERTHA KAYAME', 'ããããåêæáæâæãáå'),
('1425', 'KINTANA MAULITA', 'ããããåêæáæâæãáå'),
('0339', 'BHENE DIKTA PRADA PRADA', 'ããããåêæáæâæãáå'),
('0824', 'RENY SIREGAR, AMD.KEP', 'ããããåêæáæâæãáå'),
('0858', 'ANIS YUNIANTO', 'ããããåêæáæâæãáå'),
('1097', 'MARIA MARGARETH SINTAULI', 'ããããåêæáæâæãáå'),
('1115', 'NOVITA NUR INDAH SARI', 'ããããåêæáæâæãáå'),
('1098', 'ROIYAN ORDITYA MANUHUTU', 'ããããåêæáæâæãáå'),
('1144', 'DR. ARYANTI EFFENDI', 'ããããåêæáæâæãáå'),
('1456', 'RIAMA NOVITA RUMAPEA', 'ããããåêæáæâæãáå'),
('1462', 'DR. ELISABETH ENE JAWAN', 'ããããåêæáæâæãáå'),
('1376', 'HARLAN FADHILLAH', 'ããããåêæáæâæãáå'),
('1372', 'MARESA CHEPY', 'ããããåêæáæâæãáå'),
('1374', 'USYEF SAEFUL SONJAYA', 'ããããåêæáæâæãáå'),
('0229', 'PRISKA NI LUH KETUT, AMD.KEP N', 'ããããåêæáæâæãáå'),
('0776', 'ANITA ANJAR KUSUMANINGRUM', 'ããããåêæáæâæãáå'),
('1313', 'DEWI PAREMBUN', 'ããããåêæáæâæãáå'),
('0108', 'RITA SUGIARTI', 'ããããåêæáæâæãáå'),
('1416', 'SARTIKA ROSARI HUTAPEA', 'ããããåêæáæâæãáå'),
('1291', 'LAURENSIA DOM NINA WEA', 'ããããåêæáæâæãáå'),
('1417', 'RAHMAWATI VITA KURNIASARI', 'ããããåêæáæâæãáå'),
('1315', 'NADIANOVITA FITRIYANTI', 'ããããåêæáæâæãáå'),
('0264', 'HELGA PANJAITAN, AMD.KEP PANJA', 'ããããåêæáæâæãáå'),
('1384', 'BRIGGITA ARISCA PUTRI DARYANI', 'ããããåêæáæâæãáå'),
('1129', 'CHATARINA DWI PASKARINI', 'ããããåêæáæâæãáå'),
('1226', 'ADVENTINA NATALIA ELPE', 'ããããåêæáæâæãáå'),
('1381', 'NOVA INCARNA MELI', 'ããããããåêæãåéæáæèææáç'),
('0786', 'SRININGSIH CIPTORINI AMD.KEP', 'ããããããããæáæáåéææåêæèæèæááé'),
('1460', 'CRISTINA DYAH PURWANDANI', 'ããããåêæáæâæãáå'),
('1471', 'DR. DIANA LILIM, SP. PD', 'ããããåêæáæâæãáå'),
('0986', 'DR. INAWATI, SP. RM', 'ããããåêæáæâæãáå'),
('0272', 'MOKSALINA LAMTIUR', 'ããããåêæáæâæãáå'),
('0555', 'YANA KUSDIANA', 'ããããåêæáæâæãáå'),
('1025', 'RIO ASDIANTORO', 'ããããåêæáæâæãáå'),
('1463', 'AGNES DIAH AYU WIDIASTUTI', 'ããããåêæáæâæãáå'),
('1361', 'SITI PRIHATIN', 'ããããåêæáæâæãáå'),
('0850', 'MEI SESILLIA GAJA', 'ããããåêæáæâæãáå'),
('1492', 'DR ELISABETH SUKMA PUSPITADEWI', 'ããããåêæáæâæãáå'),
('1468', 'ETA', 'ããããåêæáæâæãáå'),
('1467', 'SISILIA OKTAVIANI TOKO', 'ããããåêæáæâæãáå'),
('1430', 'SR. M. VENANTINE, OSF', 'ããããåêæáæâæãáå'),
('1158', 'SESILIA HADU HURINT', 'ããããåêæáæâæãáå'),
('1502', 'DR. NOVITA, SP.DV', 'ããããåêæáæâæãáå'),
('1511', 'NURAINI', 'ããããåêæáæâæãáå'),
('1473', 'ALEXANDER MICHAEL DANIEL', 'ããããåêæáæâæãáå'),
('0751', 'PURNO PANYIDANG', 'ããããåêæáæâæãáå'),
('1500', 'DR. AJENG PUSPITORINI, SP. PK.', 'ããããåêæáæâæãáå'),
('1528', 'NURCAHYO HADI SAPUTRO', 'ããããåêæáæâæãáå'),
('1359', 'AGNES AULIA DINATA', 'ããããåêæáæâæãáå'),
('1532', 'RENATA EFRESIA SETIAWATI', 'ããããåêæáæâæãáå'),
('1538', 'VEBRONIA MOENSAKU', 'ããããåêæáæâæãáå'),
('1491', 'DIRGA MARIA ITALILPESSY', 'ããããåêæáæâæãáå'),
('206', 'ANATALIA PARTISCA', 'ããããåêæáæâæãáå'),
('421', 'IRA NOVRANDA', 'åêæáæâæãæäãããããáæ'),
('507', 'MARIA INDAH ROSARI', 'ããããåêæáæâæãáå'),
('909', 'DR. RAKA KRISTYANDI PRABA', 'ããããåêæáæâæãáå'),
('0972', 'DR. SONDANG', 'ããããåêæáæâæãáå'),
('712', 'VINCENTIA SEPTIANA KARTIKA DEW', 'ããããåêæáæâæãáå'),
('1499', 'DR MERRY ANNE NATALIA, MARS', 'ããããåêæáæâæãáå'),
('1503', 'DR. CHRISTI ERVINA HARTANTO, S', 'ããããåêæáæâæãáå'),
('1510', 'HASANATUL PUTRI WIBOWO', 'ããããåêæáæâæãáå'),
('1478', 'ANIS FAISAL WAHIB', 'ããããåêæáæâæãáå'),
('1487', 'FRANSISKA ROSARI DWIANDITA LIA', 'ããããåêæáæâæãáå'),
('1488', 'MONIQUE INDAH TRI ANA SANTI', 'ããããåêæáæâæãáå'),
('1523', 'PRICILLA MARCELIN SURI', 'ããããåêæáæâæãáå'),
('1490', 'VIVIE ERINA PRACILIA SIDABUTAR', 'ããããåêæáæâæãáå'),
('0604', 'PETRONELA METTY CHRISTANTIA ME', 'ããããåêæáæâæãáå'),
('1513', 'DIAN HARDIANINGSIH', 'ããããåêæáæâæãáå'),
('1486', 'APRIYANA AYU TRI VENI', 'ããããåêæáæâæãáå'),
('1525', 'MELDA ROSARI AMBARITA', 'ããããæáæáæäææáå'),
('0914', 'DR. MONIKA INDAH, SP.RAD ', 'ããããåêæáæâæãáå'),
('1545', 'DR. YONATHAN HASUDUNGAN', 'ããããåêæáæâæãáå'),
('0156', 'ENDANG KADARSIH KADARSIH', 'ããããåêæáæâæãáå'),
('1546', 'DR. ISRIZAL', 'ããããåêæáæâæãáå'),
('1481', 'JUNIARTA SIBUEA', 'ããããåêæáæâæãáå'),
('1550', 'ADE SANT ARDANA', 'ããããåêæáæâæãáå'),
('1549', 'PANDU RUSTANTO', 'ããããåêæáæâæãáå'),
('0059', 'BETHARIA ROULINA SIHOTANG ROUL', 'ããããåêæáæâæãáå'),
('1322', 'KESHIA LOUREN', 'ããããåêæáæâæãáå'),
('1497', 'ELISABETH UNU', 'ããããåêæáæâæãáå'),
('0281', 'NURMA ZULLEKHA PUSPITASARI, AM', 'ããããåêæáæâæãáå'),
('0546', 'IMACULATA DIYAN YUNIYANTI', 'ããããåêæáæâæãáå'),
('0266', 'SISCA DEWI YANTI DEWI YANTI', 'ããããåêæáæâæãáå'),
('0213', 'INDRIYANI, AMD.KEB', 'ããããåêæáæâæãáå'),
('0461', 'POSMARIA SITUMORANG, AM.KEB', 'ããããåêæáæâæãáå'),
('1382', 'YULI LISTIYAWATI', 'ããããåêæáæâæãáå'),
('1420', 'THEOPHILIA TUTUPARY', 'ããããåêæáæâæãáå'),
('1530', 'ROBERTUS ENANG RAHARJANTO', 'ããããåêæáæâæãáå'),
('1552', 'MARIA ELISABETH SURAT NAREK', 'ããããåêæáæâæãáå'),
('1527', 'EVA MERISTA', 'ããããåêæáæâæãáå'),
('1494', 'THEODORA SITOHANG', 'ããããåêæáæâæãáå'),
('1553', 'NATALIA YUDITA SRININGSIH', 'ããããåêæáæâæãáå'),
('1569', 'DR. RIA YUNITA RIZALY, M. SC.,', 'ããããåêæáæâæãáå'),
('1597', 'DR. MUHAMMAD MIRWAN SP.B', 'ããããåêæáæâæãáå'),
('1598', 'BUDI SULISTIYOWATI, A. MD. KEP', 'ããããåêæáæâæãáå'),
('000', 'M.Arifin, M.Kom', 'åêæáæâæãæäãããããáæ'),
('1601', 'NUR MUHAMMAD ICHSAN', 'ããããåêæáæâæãáå'),
('1543', 'FAUSTINA KARLINA WULA', 'ããããåêæáæâæãáå'),
('1576', 'DEVI NATALIA', 'ããããåêæáæâæãáå'),
('1574', 'FRANSISKA PATINAMA', 'ããããåêæáæâæãáå'),
('1573', 'SIMPLESIUS INOCIA ROSARI SILA', 'ããããåêæáæâæãáå'),
('1606', 'DR ATAR TRENGGINAS ASMARANTAKA', 'ããããåêæáæâæãáå'),
('1196', 'FERIANI TUTI RISKA', 'åêæáæâæãæäãããããáæ'),
('1607', 'PARAMITA SIHOTANG', 'ããããåêæáæâæãáå'),
('1431', 'ADITIA MAULANA', 'ããããåêæáæâæãáå'),
('1615', 'DR. JULIANA SIHOMBING', 'ããããåêæáæâæãáå'),
('1148', 'YENI IMELDA', 'ããããåêæáæâæãáå'),
('354', 'IGNATIUS YULI ABADI', 'ããããåêæáæâæãáå'),
('567', 'MARSYA LIRISTA', 'ããããåêæáæâæãáå'),
('908', 'DR. DEBORA VICTORIA', 'ããããåêæáæâæãáå'),
('1401', 'SENI PARTIWI ZEBUA', 'ããããåêæáæâæãáå'),
('1400', 'BERNADETA OKTAVIALIANA', 'ããããåêæáæâæãáå'),
('1279', 'DR. ROSARI GAMMA MANGGALATUNG ', 'ããããåêæáæâæãáå'),
('1112', 'DR. SEVINA TRIANI S', 'ããããåêæáæâæãáå'),
('1402', 'DR. ERIC HERMANSYAH,SP.P', 'ããããåêæáæâæãáå'),
('1461', 'DRG. DESAK GEDE DIAH ASITA KEN', 'ããããåêæáæâæãáå'),
('1379', 'CHARLINA WELAN', 'ããããåêæáæâæãáå'),
('1102', 'NIA NOVIANTI SUNARYO', 'ããããåêæáæâæãáå'),
('1508', 'DR. THOMAS HARRY ADOE, SP. A (', 'ããããåêæáæâæãáå'),
('1505', 'AKMAL NASIR', 'ããããåêæáæâæãáå'),
('1542', 'DR. DRG. WILMA MATHEUS, SP. KG', 'ããããåêæáæâæãáå'),
('0292', 'SEPTIANI LIDIA LIDIA', 'ããããåêæáæâæãáå'),
('1039', 'MARIA ROSARI DEVI KARTIKA RINI', 'ããããåêæáæâæãáå'),
('1526', 'SR. M. CLARA, OSF', 'åêæáæâãããáä'),
('1612', 'CATHARINA IKA WIDIASTUTI', 'ããããåêæáæâæãáå'),
('1619', 'DESI NISTIANI', 'ããããåêæáæâæãáå'),
('357', 'ANDREAS CRISTIANTO', 'ããããåêæáæâæãáå'),
('187', 'MARIA GRASELA TETANI DECLAUDIA', 'ããããåêæáæâæãáå'),
('188', 'ANDRI DYAH PRAMESWARI', 'åêæáæâãããáä'),
('424', 'VIA NADA ROLANTIKA', 'ããããåêæáæâæãáå'),
('360', 'DEWI WAHYU ANISA', 'êêêèêéââèââçãããääáæ'),
('1349', 'INDRIANI KUSUMA WARDANI', 'ããããåêæáæâæãáå'),
('FAR', 'JULIUS SATRIYOWIJOYO', 'ããããåêæáæâæãáå'),
('1229', 'DR. DEVINA NUGROHO, SP. N', 'ããããæãæâæáåêáå'),
('0158', 'NUNGKY DWI PURWANTI', 'ããããåêæáæâæãáå'),
('1186', 'FRANSISKA RETNO WULANDARI', 'ããããåêæáæâæãáå'),
('1342', 'ARYANI OCTAVIA FLORESA OLA INA', 'ããããåêæáæâæãáå'),
('0200', 'ANITA RATNANINGSIH RATNANINGSI', 'ããããåêæáæâæãáå'),
('1395', 'DINA SEPTIANA', 'ããããåêæáæâæãáå'),
('1432', 'RIO CANDRA', 'ããããåêæáæâæãáå'),
('1477', 'APRI DENIUS MUTI', 'ããããåêæáæâæãáå'),
('1512', 'ALDI SEPTIAWAN', 'ããããåêæáæâæãáå'),
('0464', 'LISTYARI YEKTI WAHYUNI, AMD.KE', 'ããããåêæáæâæãáå'),
('1537', 'SITI PURWANTI', 'ããããåêæáæâæãáå'),
('193', 'FIRDA MAUDY SALSABILA', 'ããããåêæáæâæãáå'),
('0826', 'VERONIKA AYUNI', 'ããããåêæáæâæãáå'),
('363', 'MARIA RETNO MULYANINGSIH', 'ããããåêæáæâæãáå'),
('1404', 'BELINDA DIAN IRINITA', 'åêæáæâãããáä'),
('1411', 'FRIDOLIN WEA', 'ããããåêæáæâæãáå'),
('1412', 'BETYCE SINGHINA', 'ããããåêæáæâæãáå'),
('1350', 'PASKA WIRA TIGAPE SIHOTANG, A.', 'ããããåêæáæâæãáå'),
('1364', 'DR ELISA HADIWIJAYA', 'ããããåêæáæâæãáå'),
('1370', 'DR EZRA REINHARD', 'ããããåêæáæâæãáå'),
('0955', 'DR. SARI OCTAVIA', 'ããããåêæáæâæãáå'),
('0847', 'DR. DEWI ASTRID LESTARI, SP.PD', 'ãäääããçéâáâââêâáæçæèçáç'),
('1418', 'IGNATIUS BAGUS BAYU PRAKOSA', 'ããããåêæáæâæãáå'),
('0375', 'MARIA THERESIA EKA WIDIANINGSI', 'ããããåêæáæâæãáå'),
('1356', 'DR. AGA DESTRAGA ARISTYAPUTRA,', 'ããããåêæáæâæãáå'),
('1212', 'DR. SHINTA J.B. TOBAN RAMBU,SP', 'ããããåêæáæâæãáå'),
('1278', 'DR. MICHAEL HOREB, SP. OT', 'ããããåêæáæâæãáå'),
('1319', 'DR. RIKO RADITYATAMA SUSILO, S', 'ããããåêæáæâæãáå'),
('1392', 'IGNASIUS DIAN SIGIT SULISTYO N', 'ããããåêæáæâæãáå'),
('1434', 'DR. AULIA FURQAN SUFARNAP', 'ããããåêæáæâæãáå'),
('1209', 'ENI SUSIANA', 'ããããåêæáæâæãáå'),
('1483', 'ANGELA IVO AAI SIALLAGAN', 'ããããåêæáæâæãáå'),
('1433', 'SULASTRI SIMANJUNTAK', 'ããããåêæáæâæãáå'),
('1240', 'BERNADETA BERLIANA SURYANINGTY', 'ããããåêæáæâæãáå'),
('1520', 'DR. FEBBY', 'ããããåêæáæâæãáå'),
('1544', 'DR. HESKETH HANS', 'ããããåêæáæâæãáå'),
('0465', 'LYDIA FEBRI SIAGIAN, AMD.KEP', 'ããããåêæáæâæãáå'),
('1577', 'ISABELLA KUSUMAWARDANI', 'ããããåêæáæâæãáå'),
('0990', 'DR. Sira Sappa Palambang, Sp.Rad', 'ããããåêæáæâæãáå'),
('1616', 'MICHAEL BRAMANTYA MAHESWARA KU', 'ããããåêæáæâæãáå'),
('1620', 'RENITA RENALDI TAMPUBOLON', 'ããããåêæáæâæãáå'),
('1626', 'RIZKI MAULANA RAMADHAN', 'ããããåêæáæâæãáå'),
('0372', 'CHYNTA WIDY FITRAHYUNI', 'ããããåêæáæâæãáå'),
('1393', 'YOSVINA M PUTRI', 'ããããåêæáæâæãáå'),
('0254', 'IKA TRI SUSILOWATI TRI SUSILOW', 'ããããåêæáæâæãáå'),
('0967', 'DR. NELSON PANDELEKE, SP. PD', 'ããããåêæáæâæãáå'),
('1339', 'OLIVIA VIVIANA NAIBAHO', 'ããããåêæáæâæãáå'),
('0965', 'DR. ZUHERDI, SP. OG', 'ããããåêæáæâæãáå'),
('0344', 'MEILANI EFRIDA EFRIDA', 'ããããåêæáæâæãáå'),
('1380', 'LAURENTIUS DENIS SATRIA', 'ããããåêæáæâæãáå'),
('1375', 'DEDE RIDWAN SEPTIANA', 'ããããåêæáæâæãáå'),
('0624', 'SRI WINARSIH, AMD.KEP', 'ããããåêæáæâæãáå'),
('1498', 'RACHEL NADYA MAHARANI', 'ããããåêæáæâæãáå'),
('1428', 'SR. M. MELANITA, OSF', 'ããããåêæáæâæãáå'),
('0783', 'LITA KURNIASIH', 'ããããåêæáæâæãáå'),
('0735', 'SINTA SAHARA, AMD.KEB', 'ããããåêæáæâæãáå'),
('1570', 'DR. STELING', 'ããããåêæáæâæãáå'),
('1596', 'dr. VINCENTIUS ADRIAN MADARGERONG, Sp.P', 'ããããåêæáæâæãáå'),
('1618', 'MARIA ANGELICA PUSPITA OSHA MO', 'ããããåêæáæâæãáå'),
('1264', 'DR. M. BUDI CAECARIAN LUBIS, M', 'ããããåêæáæâæãáå'),
('1249', 'DRG. HANNY ARYANI, MM., SP. KG', 'ããããåêæáæâæãáå'),
('0989', 'DRG. CHRISTINE MAYA BUDIMAN, S', 'ããããåêæáæâæãáå'),
('0923', 'DRG. CHRISTIAN HENRY TEDJA, MM,FICD', 'ããããåêæáæâæãáå'),
('1396', 'AGUNG MARCHELLY SIHOTANG', 'ããããåêæáæâæãáå'),
('1076', 'EKA RATNAWATI, AMD.KEP', 'ããããåêæáæâæãáå'),
('1108', 'RETI DWIKA PUTRI, AMD.KEP', 'ããããããåéåêåéæææèåéáç'),
('1300', 'WINDA YUSANTI', 'ããããåêæáæâæãáå'),
('1030', 'ELWI SUKANINGSIH', 'ããããåêæáæâæãáå'),
('1427', 'ADRIAN CHRISTHIE', 'ããããåêæáæâæãáå'),
('1419', 'DESSY MALYA MANUHUTU', 'ããããåêæáæâæãáå'),
('0700', 'RENI ANJARWATI', 'ããããåêæáæâæãáå'),
('1521', 'AGATA KRISMA KARITAS', 'ããããåêæáæâæãáå'),
('1531', 'LISNAMAWATI MANULANG', 'ããããåêæáæâæãáå'),
('1536', 'CHRISTY AD PUTRI', 'ããããåêæáæâæãáå'),
('1406', 'DOMINICUS DIMAS', 'ããããåêæáæâæãáå'),
('1547', 'ADELIA AISYAH', 'ããããåêæáæâæãáå'),
('1383', 'BAGUS TIMUR WICAKSONO', 'ããããåêæáæâæãáå'),
('1575', 'MARIA AGATHA SAPUTRI', 'ããããåêæáæâæãáå'),
('1622', 'DR. CLEINE MICHAELA,SP.P', 'ããããåêæáæâæãáå'),
('1177', 'YOHANA ULI PUTRI', 'ããããåêæáæâæãáå'),
('0528', 'REBECCA SINURAT', 'ããããåêæáæâæãáå'),
('1415', 'NATALIA NALIANTI', 'ããããåêæáæâæãáå'),
('1495', 'LUSYANA PALOLON', 'ããããåêæáæâæãáå'),
('1496', 'BLASIUS MANEK', 'ããããåêæáæâæãáå'),
('1534', 'DR. DWI EDI WAHONO, SP. PD., K', 'ããããåêæáæâæãáå'),
('1489', 'ANASTASIA NOVERINA SURYOPUTRI', 'ããããåêæáæâæãáå'),
('1506', 'CANDRA RAFI FADHILAH', 'ããããåêæáæâæãáå'),
('1548', 'AGNES FIORELA YOLANDAKRISTI', 'ããããåêæáæâæãáå'),
('0564', 'LUCIA LIA WIDYANINGSIH, AMD.KE', 'ãäääääããçæââèâááââåâáââãâæáåêáé'),
('1566', 'GUMIARTI', 'ããããåêæáæâæãáå'),
('1437', 'WISNU OPI SETIADI', 'ããããåêæáæâæãáå'),
('1603', 'STEFANUS DAVID WASONO', 'ããããåêæáæâæãáå'),
('0794', 'MAHARANI DYAH KUSUMAWARDANI, A', 'ããããåêæáæâæãáå'),
('0812', 'MARSELLINE ASIH PUSPITARINI', 'ããããåêæáæâæãáå'),
('1329', 'DR. CAESARIYO SUWARDI, SP. AN', 'ããããåêæáæâæãáå'),
('1578', 'AGNES CECILIA SAGALA', 'ããããåêæáæâæãáå'),
('1003', 'DR.VICO LIE BING HOAT, SP.KFR', 'ããããåêæáæâæãáå');

--
-- Indexes for dumped tables
--

--
-- Indexes for table `admin`
--
ALTER TABLE `admin`
  ADD PRIMARY KEY (`admin_id`);

--
-- Indexes for table `pengaduan`
--
ALTER TABLE `pengaduan`
  ADD PRIMARY KEY (`pengaduan_id`);

--
-- Indexes for table `pengaduan_chat`
--
ALTER TABLE `pengaduan_chat`
  ADD PRIMARY KEY (`pc_id`);

--
-- Indexes for table `user`
--
ALTER TABLE `user`
  ADD PRIMARY KEY (`user_id`);

--
-- AUTO_INCREMENT for dumped tables
--

--
-- AUTO_INCREMENT for table `admin`
--
ALTER TABLE `admin`
  MODIFY `admin_id` int NOT NULL AUTO_INCREMENT, AUTO_INCREMENT=9;

--
-- AUTO_INCREMENT for table `pengaduan`
--
ALTER TABLE `pengaduan`
  MODIFY `pengaduan_id` int NOT NULL AUTO_INCREMENT, AUTO_INCREMENT=12;

--
-- AUTO_INCREMENT for table `pengaduan_chat`
--
ALTER TABLE `pengaduan_chat`
  MODIFY `pc_id` int NOT NULL AUTO_INCREMENT, AUTO_INCREMENT=19;
COMMIT;

/*!40101 SET CHARACTER_SET_CLIENT=@OLD_CHARACTER_SET_CLIENT */;
/*!40101 SET CHARACTER_SET_RESULTS=@OLD_CHARACTER_SET_RESULTS */;
/*!40101 SET COLLATION_CONNECTION=@OLD_COLLATION_CONNECTION */;
